number,previousName,currentName,address
5A001,新康大楼,新康大楼,江西中路260号，九江路151号,1930,四,,,
5A002,江海南关办公楼,住宅,外马路348号,1922,二,,,
5A003,仁记路119号大楼,住宅,四川中路420号，滇池路119号,1906,三,,,
5A004,道达大楼,珠江大楼,江西中路320号,1915年,三,,,
5A005,公和洋行大楼,华德大楼,四川中路650号,1920年代,三,,,
5A006,礼和大楼,办公楼,四川中路670号,不详,三,,,
5A007,海青大楼/美国陆海军青年会,锦江之星,四川中路630号,不详,三,,,
5A008,华德大楼,住宅,四川中路620号,1926,三,,,
5A009,北京公寓,住宅,北京东路163号,不详,三,,,
5A010,广协书局大楼,住宅,四川中路528号,不详,三,,,
5A011,住宅,住宅,南昌路107号,1930,三,,,
5A012,住宅,住宅,思南路36号,不详,二,,,
5A013,住宅,住宅,皋兰路12号,不详,三,,,
5A014,光远坊,住宅,北京西路256号,不详,二,,,
5A015,复昌仓库、卓成洋行栈房,中山小区,广东路131弄,不详,三,,,
5A016,长丰木行、协隆申庄、永隆号、大中织造厂,住宅,泗泾路28号,1910年代,三,,,
5A017,聚兴诚银行大楼,办公,江西中路250号,1940,三,,,
5A018,上海纱业银行大楼,延安东路134-150号楼,延安东路134-150号,不详,三,,,
5A019,五洲大楼,办公,河南中路220号,1937,三,,,
5A020,马立斯新村,住宅,武胜路429号,1932,三,,,
5A021,都城饭店（东楼）,商业,福州路106号,1934,三,,,
5A022,浙江实业银行大楼,商业,福州路107号,不详,二,,,
5A023,广东银行,办公楼,宁波路52号,1934,三,,,
5A024,英商上海电车公司大楼,办公楼,南苏州路185号,1908,三,,,
5A025,上海中国实业银行总部大楼,中实大楼,北京东路130号,1929,二,,,
5A026,原教会公寓,新天安堂等,南苏州路79号,1899,二,,,
5A027,住宅,住宅,皋兰路28号,1920年代,二,,,
5A028,中央商场,中央商场,四川中路355号,1930,四,,,
5A029,美伦大楼（东）,美伦大楼（东楼）,南京东路151号,1930,四,,,
5A030,美伦大楼（西楼、南楼）,美伦大楼（西楼）,南京东路161号,1930,四,,,
5A031,大生公司大楼,大生公司大楼,九江路230号,1920,三,,,
5A032,新普育堂,公益新天地及民政博物馆,普育西路105号,1913,三,,,
5A033,应公馆,住宅,凤阳路338弄,1930年代,二,,,
5A034,华侨大楼,华侨大楼,九江路120号,1930,四,,,
5A035,美商卫利韩公司,办公楼,福州路37号,1930年代,三,,,
5A036,中孚银行大楼,中国建设银行,滇池路103号,1922,三,,,
5A037,原荣氏家族三新公司总部大楼,中新公司大楼,江西中路421号,1921,二,,,
5A038,德国邮局,办公楼,四川中路200号（另有路牌：福州路60、70号）,1905,三,,,
5A039,Bank of chosen/上海市直接税局,办公楼,四川中路330号,不详,二,,,
5A040,老介福绸缎局,办公楼,南京东路257号,1935,二,,,
5A041,惠罗公司大楼,惠罗公司大楼,南京东路100号,1906,三,,,
5A042,公平大楼,华懋和平大厦,滇池路105号,1921,三,,,
5A043,SHELL汽车公司、美灵登有限公司、永实业有限公司,凯恩宾馆,香港路117号,1919,三,,,
5A044,谦信洋行、汉成洋行、亚洲花边厂等,圆明园公寓,圆明园路115号,1904,三,,,
5A045,基督教协进会大楼,协进大楼,圆明园路169号,1923,三,,,
5A046,泰昌木器公司,上海卧室用品有限公司,南京东路740号,1921,三,,,
5A047,大方饭店,锦江之星酒店,福建南路33号,1933,四,,,
5A048,世界书局,外文书店,福州路390号,1932,四,,,
5A049,"仓库货栈/章华毛绒纺织公司上海货栈、
中国垦业银行仓库","南苏州路979
号仓库",南苏州路991号,1929,三,,,
5A050,仓库货栈/章华毛绒纺织公司上海货栈 、中国垦业银行仓库,南苏州路955号仓库,南苏州路955号,1929,三,,,
5A051,住宅,住宅,绍兴路25号,1933,三,,,
5A052,住宅,卢湾市容管理局瑞金二路街道管理所,陕西南路191-197号,1929,三,,,
5A053,住宅,住宅,绍兴路1号，3号；瑞金二路158号，148号，146号,1930年代,三,,,
5A054,住宅,住宅,复兴中路599号,1920年代,三,,,
5A055,住宅,住宅,复兴中路563号,1920年代,三,,,
5A056,住宅,住宅,合肥路592弄,1920,三,,,
5A057,住宅,住宅,巨鹿路314号,1929,三,,,
5A058,住宅,住宅,长乐路272弄14号,1920年代,三,,,
5A059,住宅,住宅,思南路48号,1918,三,,,
5A060,西爱村，恒爱里,西爱村，恒爱里,永嘉路19号,1927(西爱村)1938(恒爱里),三,,,
5A061,花园坊,花园坊,瑞金二路129号,1928,三,,,
5A062,静村,住宅,绍兴路36弄,1929,三,,,
5A063,住宅,住宅,永嘉路17号,1936,四,,,
5A064,郑家衖,住宅,永嘉路39弄,1923,三,,,
5A065,福绥里,住宅,建国西路146号,1925,三,,,
5A066,松韵别墅、群贤小学,松韵别墅,复兴路498弄1-8、10、11号,1921,三,,,
5A067,住宅,住宅,永嘉路37号,1922,三,,,
5A068,环龙别业、环龙里,南昌路 212、244 弄小区,南昌路212、244弄,1925(212弄)，1928(244弄),三,,,
5A069,上海律师公会会所,银行博物馆,复兴中路301号,1925,四,,,
5A070,上海儿科疗养院,向明初级中学,巨鹿路334号,不详,三,,,
5A071,首善堂,"上海市黄浦区人民代表大会常务委员会
中国人民政协上海市黄浦区委员会",重庆南路139号,1925,二,,,
5A072,公董局公共卫生救济处医学化验所,中国疾病预防控制中心寄生虫病预防控制所,瑞金二路207号,1925,三,,,
5A073,上海银行,上海小楼/滇池小区,江西中路372-390号，北京东路205-217号,1929,三,,,
5A074,鸿裕纺织有限公司大楼,住宅,江西中路441-445号,1921,三,,,
5A075,美国陆海军青年会,海青大楼,香港路85号,1923,四,,,
5A076,马可尼公司,住宅,北京东路131号,1920年代,三,,,
5A077,上海法租界麦兰捕房/上海市警察局黄浦分局（1943）,上海市公安局黄浦分局,金陵东路174号,1935,二,,,
5A078,住宅,住宅,自忠路414-454号,1910-1920年代,三,,,
5A079,花园住宅,住宅,复兴中路492号,1934,三,,,
5A080,住宅,住宅,香山路9号,1921,三,,,
5A081,天祥实业股份有限公司、上海顾天盛花厂,南苏河创意园区,南苏州路1295号-1305号,1933,三,,,
5A082,南市发电厂,上海当代艺术博物馆,花园港路200号,1980年代,三,,,
5A083,白克路,长征医院办公室,凤阳路450号,1920年代,二,,,
1C001,步高里,步高里,陕西南路287号,1920,三,,,
1C002,瑞金二路住宅,瑞金宾馆1号楼,瑞金二路18号,1917,二,,,
1C003,尚贤坊,尚贤坊,淮海中路50号,1924,三,,,
1C004,华懋公寓,锦江宾馆北楼,长乐路109号,1929,二,,,
1C005,峻岭公寓、茂名公寓,锦江宾馆中、西楼,茂名南路65-125号,1935,二,,,
2C001,法公董局,综合办公楼,淮海中路375号,1909,三,,,
2C002,培文公寓,培文公寓,淮海中路449号,1923,三,,,
2C003,永业大楼,永业大楼,淮海中路481号,1932,三,,,
2C004,国泰大戏院,国泰电影院,淮海中路870号,1932,二,,,
2C005,法国总会,花园饭店,茂名南路58号,1925,二,,,
2C006,兰心大戏院,兰心大戏院,茂名南路57号,1931,二,,,
2C007,ASTRID公寓,南昌大楼,茂名南路143号,1933,三,,,
2C008,法国总会（老）,科学会堂(一号楼),南昌路47号,1917,二,,,
2C009,梵尔登花园,里弄住宅,陕西南路39弄1-103号,1925,三,,,
2C010,陕南村,陕南村,陕西南路157-187号,1930,三,,,
2C011,花园住宅,花园住宅,思南路51-95号(单),1920,三,,,
2C012,震旦大学图书馆教学大楼/震旦大学博物馆,第二医科大学十二号大楼/昆虫研究所,重庆南路280号/重庆南路225号,1936/1930,三,,,
2C013,东正教堂,幸运城大酒店,皋兰路16号,1934,二,,,
2C014,江南制造局,江南造船厂,高雄路2号（总办公楼）/2号船坞/指挥楼/飞机车间,2号船坞：光绪,三/四/三/四,,,
3C001,爱司公寓,瑞金大楼,瑞金一路150号,1926,三,,,
3C002,泰山公寓,泰山大楼,淮海中路622弄,1930,三,,,
3C003,飞霞别墅,飞霞别墅,淮海中路584弄,1941,三,,,
3C004,飞龙公寓,住宅,淮海中路538-544号及542弄,1922,四,,,
3C005,法租界霞飞路巡捕房,卢湾区职业教育中心,淮海中路235号,1914,三,,,
3C006,白尔登公寓,陕南大楼,陕西南路213号,1924,三,,,
3C007,住宅,瑞金宾馆3号楼,瑞金二路118号,1920,三,,,
3C008,三井杨行大班住宅,瑞金宾馆4号楼,瑞金二路118号,1924,三,,,
3C009,住宅,上海文史馆,思南路39号-41号,1920年代,三,,,
3C010,巴黎公寓,巴黎公寓,重庆南路165号,1936,三,,,
3C011,巴黎新村,巴黎新村,重庆南路169弄,1912~1936,三,,,
3C012,永丰村,住宅,重庆南路177号、179弄1-10号,1919,三,,,
3C013,吕班公寓,重庆公寓,重庆南路185号,1920年代/一说1931年,三,,,
3C014,诸圣堂,诸圣堂,复兴中路425号,1925,二,,,
3C015,住宅,住宅,皋兰路1号,1934,四,,,
3C016,住宅,上海文艺出版社等,绍兴路74号,1947,三,,,
3C017,香山路住宅,住宅,香山路6号,1920年代,三,,,
4C001,中德医院,妇婴保健院,延安中路393号,1923,二,,,
4C002,康绥公寓,康绥公寓,淮海中路468-494号,1932,三,,,
4C003,国泰公寓,国泰公寓,淮海中路816弄、818－832号,1926,三,,,
4C004,霞飞坊,淮海坊,淮海中路927弄,1924,三,,,
4C005,法国体育总会,科学会堂,南昌路57号,1931,二,,,
4C006,上海别墅,上海别墅,南昌路110弄、112-122号,1916,三,,,
4C007,花园住宅群,花园住宅群,南昌路124－134号、136弄1-16号、138-146号,1912-1936,三,,,
4C008,克美产科医院,卢湾区政府2号楼,重庆南路139号,1910年代,二,,,
4C009,花园住宅,花园住宅,皋兰路11-17号,约1914,四,,,
4C010,希勒公寓,钟和公寓,茂名南路106-124号，南昌路179号,1930年代,三,,,
4C011,梅兰坊,梅兰坊,黄陂南路596弄1-58号,1924,四,,,
4C012,派克公寓,花园公寓,复兴中路455号,1926,三,,,
4C013,花园住宅,花园住宅（其中471－473号曾为卢湾区第四聋哑学校）,复兴中路471－473号，477号,1920－1936,三,,,
4C014,花园住宅,花园住宅,复兴中路517号，531号，533-537号，539号，541号,1920年代,三,,,
4C015,辣斐坊,复兴坊,复兴中路553弄1-21号，543-551号，555-561号,1927,三,,,
4C016,花园住宅,花园住宅,思南路50-70号,1920年代,三,,,
4C017,万宜坊,万宜坊,重庆南路205弄5-94号,1931,三,,,
4C018,广慈医院,瑞金医院8号楼、3号楼,瑞金二路197号,8号楼约1921/2-3号楼约1930年代,三,,,
4C019,安和新村,安和新村,瑞金二路198弄,1912-1936,三,,,
4C020,金谷村,金谷村,绍兴路18弄，绍兴路2-34号，瑞金二路132弄1-59号、78-83号,1930,三,,,
4C021,爱麦虞限路9号宅,上海昆剧团,绍兴路9号,1935,二,,,
4C022,明复图书馆,卢湾区图书馆,陕西南路235号,1929,二,,,
4C023,花园住宅,花园住宅,淮海中路796号,东幢1921，西幢1927,二,,,
5B001,J.K.K. 公寓,公寓（J.K.K.Apartment）,长乐路962弄1-4号,1935,三,,,
5B002,住宅,戏剧学院（仲彝楼、健伍楼）,华山路630号,1930,二,,,
5B003,住宅,花园住宅,愚园路541弄2号,1930,二,,,
5B004,住宅,花园住宅,愚园路419弄（3-32号）、愚园路411号、愚园路427号,不详,二,,,
5B005,美丽园,美丽园,延安西路379弄2-16号、18号、20号、22号,1912-1936,三,,,
5B006,住宅,住宅,乌鲁木齐北路468弄80-108号,1920年代,三,,,
5B007,住宅,静安区教育学院培训中心,新闸路1378弄17号,1939,三,,,
5B008,住宅,经济日报上海记者站,新闸路1340弄21号,待考,三,,,
5B009,住宅,住宅,胶州路450号,1940年代,二,,,
5B010,麦伦中学-越旦中学,住宅,武定路946号,1940年代,三,,,
5B011,住宅,石门二路社区文化活动中心,康定东路85号,清末民初,二,,,
5B012,派司公寓,派司公寓,常熟路100弄1-8号,1930年代,三,,,
5B013,贤邻别墅,贤邻别墅,愚园路470弄3-23号、愚园路472-474号（双号）,1937,三,,,
5B014,住宅,四明体育弄,愚园路520弄(2-28)号、愚园路510-528号（双号）,1936,三,,,
5B015,四明别墅,四明别墅,愚园路576 弄（3-77 号）、 愚园路580-590 号（双号）,1931-1933,三,,,
5B016,汉璧礼蒙童养学堂、汉璧礼西童公学,上海市市西中学（2 号楼）,愚园路404号,1922,三,,,
5B017,大任小学校、 上海市私立大任小学旧址,上海自来水投资建设有限公司苏州河三期项目管理部,康定东路20号,不详,二,,,
5B018,住宅,住宅,威海路590弄89号,1918,三,,,
5B019,佳庐,住宅,北京西路1592弄11号,1912,三,,,
5B020,望德堂,住宅,北京西路1220弄1-108号,7-9号1933，2号1930-1932，50-180号1907,三,,,
5B021,信义会,住宅,常德路310号,1922,三,,,
5B022,弘德职业补习学校、弘毅中小学,梅龙镇酒家,南京西路1081弄22号,待考,三,,,
5B023,修德里,住宅,威海路590弄41号,1932,三,,,
5B024,住宅,住宅,北京西路1220 弄(50-108 号),1907,三,,,
5B025,光华里,光华里,巨鹿路786弄,1930,三,,,
5B026,留园，履安邨,留园,长乐路672弄（1-30 号）,1937,三,,,
5B027,古拔新邨,富民新邨,富民路148-172弄,1932,三,,,
5B028,古柏公寓,古柏小区,富民路197弄,1931-1941,古柏公寓为三类；69号为二类,,,
5B029,柳林别墅,柳林别墅,愚园路532弄51、55、60、61、66、70、71号、73-85（单号）,1912-1936,三,,,
5B030,上海电话公司泰兴路分局旧址,电信公司北泰电话站,泰兴路230号,1931,二,,,
5B031,吴宅,上海市公惠医院,石门一路315弄6号,1931,二,,,
5B032,瑞士国总领事馆,上海第二工业大学教研楼①/上海市慈善教育培训中心,陕西北路80号,1922,二,,,
5B033,程谨轩、程霖 生父子旧居、协进初级中学,上海市公安局静安区分局交通警察支队,南京西路1550号,1922,二,,,
5B034,上海共济会会址/ 上海英国约克礼仪共济会所,上海市医事团体联合管理办公室,北京西路1623-1647号,1931,三,,,
5B035,善道堂,上海市社会文化管理处、上海市文化艺术档案馆,巨鹿路709号,1930,二,,,
5B036,住宅,上海静安置业集团、静安区威海路文化传媒街管理委员会,威海路590弄77号,1921,二,,,
5B037,住宅,南京军区幼儿园,巨鹿路735号,不详,二,,,
5B038,住宅,华东模范中学行政楼,延安中路999号（富民路43号）,待考,二,,,
5B039,住宅,上海戏剧学院毓琇楼,延安西路355号,待考,二,,,
5B040,培明女子中学暨小学,培明中学,新闸路1607-1609号,1922,二,,,
5B041,南洋大楼,重华小区,陕西北路204-216号（双号）、南京西路1175-1185号（单号）,1927,二,,,
5B042,银河食府/康生洋行,阿迪达斯、凯世酒店,南京西路931号,1925,四,,,
5B043,江海图书馆,静安区图书馆海关楼,新闸路1702-1708号,1935,三,,,
5B044,基督教内地会/上海市第六人民医院,上海市儿童医院5、7、9、10号楼等,新闸路1515-1533号（单号）、北京西路1400弄24号,1931,三,,,
5B045,进德女子中学,花雅堂,延安中路718号、茂名北路65号,待考,三,,,
5B046,汉冶萍公司上海俱乐部,警备区第一离休干部休养所,北京西路1810弄30号,1910年代,二,,,
5B047,住宅,住宅,胶州路125弄,不详,二,,,
5B048,青云里,住宅,襄阳北路22弄,1912,三,,,
5B049,退耕小筑 /吴镜渊旧居,退耕小筑,长乐路662弄,不详,三,,,
5B050,工部局华人女子中学/上海市第一女子中学,上海市第一中学,余姚路139号,1935,二,,,
5B051,花园住宅,俏江南,延安中路881号,不详,三,,,
5B052,住宅,上海电影公司、上海美术电影制片厂,万航渡路618号,1931,三,,,
5B053,归仁里,归仁里,康定东路3弄3-14号,1928,三,,,
5B054,泰来里,泰来里,康定东路16-17号,1910年代,三,,,
5B055,卡德大楼/警察公寓,卡德大楼,石门二路50号,1930年代,三,,,
5B056,警察公寓,新成大厦,成都北路337号,不详,三,,,
5B057,交通部邮政总局驻沪办事处,中国邮电器材总公司,胶州路320号,不详,三,,,
5B058,花园住宅,住宅,升平街45、65号,不详,三,,,
5B059,花园住宅,上海建筑装饰（集团）有限公司,延安中路632弄50号,不详,二,,,
5B060,南华新邨,南华新邨,长乐路774弄,1937,三,,,
5B061,荣康别墅,荣康别墅,常熟路102-120号,1939,三,,,
5B062,海园,海园小区,华山路343号、351弄1-5、8、9、10、11、12、14、16、17、19、20号,1937,二,,,
5H001,交通部直属上海电话局大楼旧址,上海长途电话局\邮电520厂,永兴路546号,1928,三,,,
5H002,上海铁道医院,上海市第十人民医院分院/上海市皮肤病医院分院,虬江路1057号,1942,三,,,
5H003,交通银行仓库、四行仓库光二分库,创意仓库,光复路195号,1932,三,,,
5H004,福源福康钱庄联合仓库,四行仓库光三分库,光复路115-129号(单号）,1910,四,,,
5H005,怡和源打包厂,商坊会馆,北苏州路912号,1907,二,,,
5D001,住宅,住宅,华山路913号,1930,二,,,
5D002,和平官邸,住宅,东平路14-16号(双号）,1930年代,二,,,
5D003,住宅,住宅,高安路60号,1922,三,,,
5D004,住宅,住宅,淮海中路1323号,1930,三,,,
5D005,住宅,住宅,太原路238号,1939,三,,,
5D006,襄阳公寓,襄阳公寓,襄阳南路254号,1920,三,,,
5D007,白赛仲公寓,公寓,复兴西路26-28号(双号）,1929,二,,,
5D008,剑桥角公寓,剑桥角公寓,复兴中路1462弄1-14号,1934,三,,,
5D009,潘兴公寓,潘兴公寓,淮海中路1706号,1941,二,,,
5D010,良友公寓,良友公寓,永福路68号、复兴西路91、93号,1937,二,,,
5D011,开普敦公寓,开普敦公寓,武康路240-246号（双号）,1940,二,,,
5D012,国富门公寓,国富门公寓,武康路230、232号,1936,二,,,
5D013,漕溪北路小高层,徐汇新村,漕溪北路750、800、850、900、950、1000号,1977,四,,,
5D014,住宅,住宅,武康路210号,1934,三,,,
5D015,住宅,住宅,高邮路5弄32号,1931,三,,,
5D016,住宅,住宅,湖南路276号,1932,三,,,
5D017,住宅,住宅,武康路392号,1920,三,,,
5D018,住宅,住宅,武康路374、376号,1926,三,,,
5D019,花园住宅,住宅,五原路289弄1-2、3-4号,1933,三,,,
5D020,住宅,住宅,淮海中路1380号,不详,三,,,
5D021,住宅,住宅,复兴西路147号,1933,三,,,
5D022,台拉新村,台拉新村,建国西路365 弄（1-11号） 、建国西路 363号、太原路254-258号（双号）,1943,三,,,
5D023,住宅,住宅,襄阳南路364号,1932,三,,,
5D024,住宅,住宅,桃江路7、15、21、25号,1920,三,,,
5D025,住宅,住宅,东平路2-10号（双号）,1920,三,,,
5D026,住宅,住宅,东平路1号,1914,二,,,
5D027,住宅,上海市市立幼儿园,建国西路629号,不详,三,,,
5D028,住宅,住宅,康平路101弄1-4号,1934,三,,,
5D029,住宅,住宅,宛平路15号,1923,三,,,
5D030,住宅,住宅,淮海中路1857弄67号,1930年代,三,,,
5D031,住宅,住宅,康平路196号,不详,三,,,
5D032,住宅,住宅,淮海中路1893号,1933,三,,,
5D033,住宅,住宅,建国西路395弄1-15号、17号，建国西路397号、399号,1928,三,,,
5D034,住宅&上海尚朵文化传播有限公司,住宅,襄阳南路525号,1923（设计）,三,,,
D5035,住宅,住宅,太原路4弄,1930,三,,,
5D036,住宅,住宅,复兴中路1365-1377号（单号）,1920,三,,,
5D037,住宅,住宅,肇嘉浜路604号,不详,三,,,
5D038,住宅,住宅,乌鲁木齐路180、182号,1930年代,三,,,
5D039,住宅,住宅,高安路77号,1924,三,,,
5D040,市文广局老干部活动中心,上海市文化广播影视管理局老干部活动中心,岳阳路44号,1927,三,,,
5D041,君悦酒店,永嘉路628号楼,永嘉路628号,1929,三,,,
5D042,上海戏曲艺术中心,上海京剧院、上海戏曲艺术中心,岳阳路168弄（1号楼 、2号楼）,1921(设计）,二,,,
5D043,住宅,住宅,延庆路121号,1924,三,,,
5D044,住宅,住宅,新乐路54号,1936,三,,,
5D045,住宅,住宅,新乐路22-32号（双号）,1923,三,,,
5D046,住宅,住宅,"华亭路30、32、42、44、58号,延庆路132号",不详,三,,,
5D047,住宅,住宅,延庆路159号,1922,三,,,
5D048,住宅,住宅,东湖路51号,不详,三,,,
5D049,住宅,住宅,华亭路93弄1-9号,1923,三,,,
5D050,住宅,住宅,延庆路18弄10号,不详,三,,,
5D051,住宅,住宅,华山路823、825、827号,1931,二,,,
5D052,住宅,住宅,武康路40弄5号,1930年代,二,,,
5D053,住宅,住宅,安福路255号,1923,二,,,
5D054,住宅,住宅,襄阳南路349-355号（单号）,1928,三,,,
5D055,住宅,住宅,宛平路42号,1945,三,,,
5D056,福禄村,福禄邨、台拉新邨,建国西路384弄1-4号、9-12号、11号甲、12号甲、16-18号、20-27号、30-34号、36-44号、386号甲,1939,三,,,
5D057,新兴盛里，永盛里,新兴盛里，永盛里,嘉善路117弄,新兴顺里：1930；永盛里：1936,三,,,
5D058,顾德坊,顾德坊,襄阳北路66弄（1-14号）、68弄（1-11 号）、70弄（1-11号）、72弄（1-10 号）、74弄（1-10号）,1930前后,三,,,
5D059,大福里,大福里,延庆路29弄,1926,三,,,
5D060,培福里,培福里,陕西南路186弄,1927,三,,,
5D061,住宅,住宅,新乐路34弄（1-3号），新乐路36号,1930年代,三,,,
5D062,储康里,储康里,长乐路401弄,1928,三,,,
5D063,住宅,住宅,陕西南路222弄20号,1930年代,三,,,
5D064,住宅,住宅,新乐路57-61号（单号）,1930年代,三,,,
5D065,住宅,住宅,东湖路56弄51-55号（单号）,1930年代,二,,,
5D066,住宅,住宅,宝庆路9弄1-6号,不详,三,,,
5D067,住宅,住宅,延庆路4弄（2- 44号）、延庆路2-6号（双号）,1940年代,三,,,
5D068,住宅,住宅,延庆路51弄（1-26号）、延庆路39-49号（单号）,1930年代,三,,,
5D069,住宅,住宅,五原路84弄 （1-34号）， 五原路80-88 号（双号）,1937,三,,,
5D070,华邸,华邨,五原路76弄（1-16号），五原路72-74号（双号）,1937,三,,,
5D071,栖霞村,五原路372弄小区,徐汇区五原路372弄6-9号,1939,三,,,
5D072,爱棠新村,爱棠新村,余庆路146弄13号,1937,三,,,
5D073,茂龄别墅,茂龄别墅,建国西路619弄1-34号,1941,三,,,
5D074,住宅,办公,淮海中路1800号,1936,二,,,
5D075,住宅,办公,余庆路80号,1943,二,,,
5D076,住宅,上海中国青年旅社,衡山路2号、东平路12号,1920年代,三,,,
5D077,住宅,办公,宝庆路20号,1925,三,,,
5D078,中共上海市纪委,中共上海市纪委,宛平路7号,不详,二,,,
5D079,上海教育评估院,上海教育评估院,陕西南路202号,1931,二,,,
50D80,崇源别墅,崇源别墅,常熟路179号,1930年代,三,,,
5D081,南区电话局汾阳路分局,办公,汾阳路63号,1929,三,,,
5D082,菁英会,上海关心下一代工作办公室,岳阳路265号,1944,二,,,
5D083,办公,办公,建国西路336弄1号,1930,二,,,
5D084,大可庄园,商业,襄阳南路388弄25号,1933,二,,,
5D085,中国科学院生物化学和细胞生物学研究所主楼北侧办公楼,中国科学院生物化学和细胞生物学研究所14号楼,岳阳路320号（14号楼）,1925,二,,,
5D086,中国科学院生物化学和细胞生物学研究所5号楼,中国科学院生物化学和细胞生物学研究所5号楼,岳阳路320号 （5号楼）,1920年代,三,,,
5D087,上海中学大礼堂,上海中学大礼堂,上中路400号,1936,三,,,
5D088,长乐坊,长乐坊,长乐路331、333号,1930年代,三,,,
5D089,北票码头塔吊,北票码头塔吊,,1980年代,三,,,
5D090,海事瞭望塔,海事瞭望塔/海事塔,徐汇区龙华港、黄浦江河口,1980年代,三,,,
5D091,德利那齐宅,住宅,武康路129号,1929,三,,,
5D092,龙美术馆,龙美术馆西岸馆,龙腾大道3398号,1950年代,二,,,
5D093,余德耀美术馆,余德耀美术馆,丰谷路35号,1950年代,三,,,
5D094,住宅,住宅,康平路187-191号（单号）,1930年代,三,,,
5D095,住宅,,淮海中路 1222-1238号 （双号）,1934,三,,,
5D096,住宅,光明公寓,淮海中路1200弄（1-4号、7-24号）、淮海中路1200弄6号院（2号楼、3号楼）、淮海中路1176-1182号（双号）,1930年代,三,,,
5D097,住宅,东湖双拥小区,永嘉路588-590号（双号）,1930年代,三,,,
5D098,住宅,住宅,长乐路327-329号（单号）,1930年代,三,,,
5D099,住宅,长乐坊,长乐路335-337号（单号）,1930年代,三,,,
5D100,住宅,长乐坊,陕西南路214号,1910年代,三,,,
5D101,住宅,住宅,常熟路139号,不详,三,,,
5D102,住宅,住宅，局部办公,延庆路42、52号,不详,三,,,
5D103,住宅,住宅，局部办公,襄阳南路313号,不详,三,,,
5D104,住宅,住宅,复兴西路299弄1-3号,1932年,三,,,
5D105,慎成里,住宅,永嘉路291弄1-90号，永嘉路277-307（单号），嘉善路200-230号（双号）,1930,三,,,
5D106,住宅,慎成里,新乐路44弄（1-15号）、新乐路38-50号（双号）,1932,三,,,
5D107,住宅,新乐坊,新乐路143弄1-4号,1930年代,三,,,
5D108,住宅,住宅,淮海中路1251弄1-3号,1940年代,三,,,
5D109,中信一村,住宅,常熟路163弄1-30号、华亭路18、26号,1937,三,,,
5D110,住宅,中信一村,延庆路80、82、84号,不详,82号：三；80、84号：四,,,
5D111,住宅,住宅,长乐路325号、陕西南路164号,1930年代,三,,,
5D112,衡山电影院,衡山电影院,衡山路838号,1951,三,,,
5D113,上海应用技术学院,上海应用技术学院,漕宝路120号,1961,6号楼：三； 8号楼：三； 10号楼：三； 14号楼：四； 20号楼：二； 26号：三类；28号楼：二； 30号楼：二； 32号楼：三； 34号楼：四； 36号楼：二； 40号楼：四;42号楼：四； 52号楼：三,,,
5D114,西岸艺术中心,西岸艺术中心,龙腾大道2555号,1980年代,三,,,
5D115,住宅,住宅,湖南路280弄2、4、8、9、20号；296弄14-26号,1930年代,三,,,
1F001,百老会大厦,上海大厦,北苏州河路2号,1934,三,,,
1F002,俄罗斯领事馆/苏联领事馆,俄罗斯领事馆,黄浦路20号,1916,二,,,
1F003,上海邮政总局,上海市邮政局,北苏州河路250-276号,1924,二,,,
1F004,多伦路250号住宅,住宅,多伦路250号,1924,二,,,
2F001,日本领事馆/联合救济总署,商业置地公司,黄浦路106号红楼/灰楼,日本领事馆：1911，联合国救济总署：1941,二/四,,,
2F002,河滨公寓,河滨公寓,北苏州路340号,1935,四,,,
2F003,鸿德堂,鸿德堂,多伦路59号,1928,二,,,
2F004,雷氏德工学院,海员医院,东长治路505号,1934,三,,,
2F005,北方局,远洋运输公司,东大名路378号,1908,三,,,
2F006,高阳大楼,高阳大楼,东大名路817号,1915,三,,,
2F007,新亚酒楼,新亚大酒店,天潼路422号,1934,三,,,
2F008,四行大楼,九州商厦,四川北路1274号,1932,三,,,
2F009,中国银行大楼,工商银行,四川北路894号,1932,三,,,
2F010,景灵堂,景灵堂,昆山路135号,1922,三,,,
2F011,虹口救火会,虹口消防队,哈尔滨路2号,1915,三,,,
2F012,上海监狱,提蓝桥监狱,长阳路147号,1935,三,,,
3F001,大陆新村/文华新村/淞云别墅/留青小筑,住宅,山阴路30、44、64、112、124、132、144、156、168、180、192、208、210弄，甜爱路59号、40号，山阴路2弄1-43号，四川北路2044-2058号,大陆新村、文华别墅1932竣工,三,,,
3F002,长春公寓,长春公寓,长春路304号,1928/1936加建两层/1975加建到6层,三,,,
3F003,住宅,住宅,溧阳路1084弄2-11号、1114弄1-21号、1156弄1-19号、1208弄1-12号、1219、1221、1253、1283、1313、1235、1267、1295、1298、1237、1269、1297、1331、1251、1281、1311、1338号，溧阳路1203弄1-12号,1920年代/一说1914,三,,,
3F004,住宅,住宅,武进路206-296号,1920年代,四,,,
3F005,礼查饭店,浦江饭店,黄浦路15号,1910,二,,,
3F006,公寓,公寓,昆山路227号/昆山路277号/昆山花园路1-10号,1920s,三,,,
3F007,住宅,住宅,蟠龙街1-13号,1920,三,,,
3F008,西本愿寺,梦幻柔情舞厅,乍浦路455号,1931,二,,,
3F009,虹口大旅社,虹口大楼,海宁路449号,1927年竣工/南部1946年修复/1975年南部加建一层,三,,,
3F010,住宅,上海纺织老干部活动室,多伦路215号,1924,三,,,
3F011,祥德路住宅,祥德路住宅,祥德路2弄,1943,四,,,
4F001,瑞康公寓,瑞康公寓,四川北路18号,约1930,三,,,
4F002,大桥公寓,大桥公寓,四川北路85号,1935,三,,,
4F003,德邻公寓,信谊大药厂,四川北路71号1-6幢，崇明路82号,1935,三,,,
4F004,批亚斯公寓,浦西公寓,蟠龙街26号，乍浦路199-215号，塘沽路411-429号,1931,三,,,
4F005,小浦西公寓,小浦西公寓,塘沽路387-401号,1930,三,,,
4F006,工部局西童女子学校,上海市安装工程有限公司,塘沽路390号,1893-1894(一说1886),三,,,
4F007,景林庐,住宅,乍浦路260号，昆山路141-177号，254弄22-27号,1923,三,,,
4F008,角田公寓,闵行大楼,闵行路171-181号，201-211号，峨眉路70-80号,1933,三,,,
4F009,英华书馆,海军托儿所,武进路412号,1892,三,,,
4F010,华童公学/汉壁礼男校/光华大夏大学附属中学,华东师范大学附属第一中学,中州路102号,约1925,三,,,
4F011,工部局宰牲场（宰牛场）/新亚集团产业,1933老场坊,沙泾路10号、29号,1933,三,,,
4F012,永丰坊、大德里、恒安坊,永丰坊、大德里、恒安坊,四川北路1515弄20-24号、34-105号，1519-1543号，1545弄1-33号、1-19号，1549-1551号,永丰坊1930，大德里1927，恒安坊1927,四,,,
4F013,广东大戏院/虹光大戏院,群众影剧院,四川北路1552号,1930,四,,,
4F014,狄思威公寓,溧阳大楼,四川北路1914-1932号,1929,三,,,
4F015,永安里,永安里,四川北路1953弄、多伦路152-192号,前半段：1925，后半段：1945后,三,,,
4F016,花园住宅,钱币博物馆/卫生局,四川北路2023弄35号,1926,二,,,
4F017,拉摩斯公寓,北川公寓,四川北路2079-2099号,1928,三,,,
4F018,西童公学,复兴初级中学,四川北路2066号,1913,三,,,
4F019,樱苑别墅,上海青岛啤酒华东（控股）有限公司,四川北路2365号,1927,三,,,
4F020,白氏旧居,海军411医院,多伦路210号,1926,二,,,
4F021,恒丰里，新恒丰里,恒丰里，新恒丰里,山阴路69弄、85弄,1905,三,,,
4F022,日照里,东照里,山阴路133弄,1920,三,,,
4F023,花园里,花园里,山阴路145弄,1927,三,,,
4F024,亚细亚里,亚细亚里,黄渡路107弄、109 号,1935,三,,,
4F025,摩西会堂,摩西会堂,长阳路62号,1927,三,,,
4F026,住宅,住宅,霍山路71-95号，舟山路21-81号,1910,三,,,
4F027,住宅,住宅,霍山路119-121号，127-137号，125弄3-5号,1910,三,,,
4F028,住宅,住宅,长阳路50弄15-31号,1916,三,,,
4F029,住宅,住宅,杨树浦路197-213号,1920年代,三,,,
4F030,住宅,住宅,临潼路25-89号、99弄,1920年代,三,,,
4F031,花园住宅,新华印刷厂及部队住宅,榆林路43号、47号、59号、63号大宅,1927,三,,,
5F001,花园住宅,虹口区城市管理行政执法局,东汉阳路205号,待考,二,,,
5F002,上海市警察局虹口分局,公安大楼,塘沽路219号,1936,二,,,
5F003,住宅,住宅,山阴路275弄（1-4号）、四达路262、266、272、274、286号,不详,三,,,
5F004,住宅,住宅,东体育会路119弄22、23号,不详,三,,,
5F005,住宅,住宅,祥德路25弄1号、2、3号,不详,三,,,
5F006,住宅,住宅,山阴路209弄（1-9号）、229弄（1-6号）,不详,三,,,
5F007,住宅,住宅,黄渡路79号,不详,三,,,
5F008,住宅,住宅,祥德路66弄（1-3号）,不详,三,,,
5F009,住宅,住宅,黄渡路17弄3号,不详,三,,,
5F010,恩德堂教堂及宿舍,住宅,武进路225弄（3-11号）,1930年代,三,,,
5F011,日本教堂,住宅,乍浦路439号,1930年代,三,,,
5F012,裕棠庚住宅,住宅,平凉路25号,1920,三,,,
5F013,住宅,住宅,保定路410-448号（双号）,不详,三,,,
5F014,新沙逊洋行、东南日报,住宅,"长春路307-365号,四川北路1938-1950号（双号）",1930年代,三,,,
5F015,积善里,积善里,山阴路340弄(1-31号)、320号、350号,1926,三,,,
5F016,住宅,住宅,山阴路274弄（1-11号）,不详,三,,,
5F017,丰乐里,丰乐里,四川北路1999弄（1-110号），四川北路2001-2021号（单号）,1916,三,,,
5F018,公园坊,公园坊,西江湾路476弄（1-35号）,20世纪30年代初,三,,,
5F019,恩德堂,上海市虹口区消费者权益保护委员会,乍浦路480、490号(双号),1930年代,三,,,
5F020,花园住宅,老电影咖啡馆,多伦路123号,不详,三,,,
5F021,杭氏住宅,舟山路幼儿园,舟山路455号,1920年代,三,,,
5F022,海宁洋行旧址,上海益民食品一厂历史展示馆,香烟桥路13号,不详,三,,,
5F023,矽肺治疗所，上海第一建筑材料工业公司职工治疗所，上海市建材局职工治疗所,上海赤峰医院,东体育会支路41号,1930年代,三,,,
5F024,三多里,三多里,周家嘴路786弄（31-65号）,1926,三,,,
5F025,住宅,住宅,四川北路2299弄（1-3号）、2319弄（1-3号）、2339弄（1-3号）、2305-2345号（单号）,1920年代,三,,,
5F026,住宅,住宅,东体育会路119弄（老3号）,1930年代,三,,,
5F027,赵植初住宅/王造时旧居,上城集团,多伦路93号,1920年代,三,,,
5F028,花园住宅,虹口区第三中心幼儿园,山阴路181号,1912,三,,,
5F029,广东浸信会，崇德小学,新乡路幼儿园,川公路109号、新乡路66号,1931,三,,,
5F030,公济医院,北外滩苏宁广场（苏宁宝丽嘉酒店）,北苏州路190号、天潼路365号,1877,三,,,
5F031,金山大楼,金山大楼,金山路43-61号（单号）、大名路60-86（双号）,1903,二,,,
5F032,扆虹园,住宅,武进路453-457号(单号),20世纪初,三,,,
5F033,公寓,公寓,长治路119-135 号（单号）、闵行路172号,1923,三,,,
5F034,同仁医院,住宅,长治路155-159 号（单号）、南浔路193号,1920年代,三,,,
5F035,住宅,住宅,唐山路753号,1923,三,,,
5F036,住宅,住宅,塘沽路73 弄（8-22 号），南浔路140号,1900年代,三,,,
5F037,住宅,住宅,舟山路394号,1924,三,,,
5F038,商铺及住宅（隶属公益坊）,公寓,四川北路975-987号（单号），四川北路1297-1311 号（单号）,1931,三,,,
5F039,住宅,住宅,高阳路165-167号（单号）,1920年代,三,,,
5F040,皇家旅馆（Royal Hotel）,住宅,武进路393弄（14号）、武进路409号,1927,三,,,
5G001,住宅,杨浦区人口和家庭计划指导服务中心1号楼,龙江路2号,不详,二,,,
5G002,公共租界杨树浦路巡捕房营房旧址 （格兰路巡捕房）,隆昌公寓,隆昌路362号,1920年代,三,,,
5G003,住宅,住宅,吉林路5号,不详,三,,,
5G004,住宅,办公,平凉路250号,不详,三,,,
5G005,聂家花园,市东小学,辽阳路51弄,1910年代,三,,,
5G006,住宅,平凉路派出所,杨树浦路713号,不详,三,,,
5G007,公共租界榆林路巡捕（1925-1943）旧址,杨浦区政府,江浦路549号,1930,四,,,
5G008,住宅,住宅,平凉路629号,不详,三,,,
5G009,聂中丞华童公学/缉槼中学教学楼,市东中学教学楼,荆州路42号,1916,二,,,
5G010,公共租界杨树浦救火会旧址,上海市消防总队杨浦支队杨浦中队,杨树浦路1307号,1920,三,,,
5G011,公共租界杨树浦路巡捕房（格兰路巡捕 房）旧址,上海市公安局杨浦分局、上海市国家安全局杨浦分局,平凉路2049号,1930,三,,,
5G012,日商上海纺织株式会社旧址,杨树浦路2086号建筑群,杨树浦路2086号,1922,三,,,
5G013,瑞瑢船厂旧址,上海船厂修船分厂,杨树浦路640号,1920年代,三,,,
5G014,颐庆里住宅,住宅,景星路310、314弄（1-9号）,1932,三,,,
5G015,大业印刷厂职员工房,住宅,福禄街193-209号（单号）,1910年代,三,,,
5G016,住宅,住宅,龙江路50-66号双号,1929,三,,,
5G017,华生印务公司/华一印刷股份有限公司,榆林路308号楼,"榆林308-312号（双
号）",1932,三,,,
5G018,住宅,国顺路650弄住宅,国顺路650弄（1-78）号,花园住宅1930年代;公寓住宅1950、70年代分批建造,三,,,
5G019,原上海浚浦局职员俱乐部,白庐,共青路386号,1930年代,三,,,
5M001,住宅（Sou Yen Siao Cho Lane),住宅,愚园路789弄91-103号,1930年代,三,,,
5M002,朱学仁住宅/中共长宁区委党校/长宁区人民法院,住宅,愚园路684号,1920年代,三,,,
5M003,花园住宅,花园住宅,愚园路714号,1936年,三,,,
5M004,梁兆来住宅,住宅,华山路978号,1948年,三,,,
5M005,住宅,唐氏花园住宅,愚园路838弄20、22、30、32号,1930年,三,,,
5M006,亨昌里,亨昌里,愚园路1376弄（4-42号）、1362-1374号（双号）,1925年,三,,,
5M007,住宅,住宅,武夷路188号,不详,二,,,
5M008,住宅,住宅,江苏路128号,不详,二,,,
5M009,住宅,住宅,武夷路154号,不详,二,,,
5M010,上海长征制药厂,弘基创意国际园,愚园路1107号（8、9号楼）,不详,三,,,
5M011,丰田纱厂干部住宅,住宅,愚园路1249弄2号楼,1930年代,三,,,
5M012,住宅,宁波市政府驻沪办事处/长宁区妇幼保健院,武夷路49弄,不详,二,,,
5M013,住宅,住宅,武夷路234号,1930年代,三,,,
5M014,花园住宅,花园住宅,愚园路1055号,不详,三,,,
5M015,住宅,住宅,愚园路1293弄2号,1912年,三,,,
5M016,住宅,住宅,武夷路95弄4号、6号、8号、16号、18号、20号,1930年代,三,,,
5M017,长宁区机关事务管理局,住宅,武夷路100号,1930年代,三,,,
5M018,住宅,住宅,武夷路174号,1930年代,二,,,
5M019,花园住宅,中共上海市长宁区委老干部局,愚园路1136弄34号,不详,三,,,
5M020,住宅,住宅,愚园路1132弄、1136弄57号,不详,二,,,
5M021,住宅,住宅,愚园路1039号,不详,三,,,
5M022,丰田纱厂干部住宅,住宅,愚园路1249弄1号,1920年代,二,,,
5M023,住宅,住宅,愚园路1221弄4、6、10、14号,不详,三,,,
5M024,住宅,住宅,武定西路1201、1207号,1920年代,二,,,
5M025,太古洋行大班住宅,兴国宾馆,华山路1245号,1934年,二,,,
5N001,英国医院（20世纪初）/“美丽牌香烟大王”陈楚湘住宅（1940年代）/大中化学化工厂（1943年）/南林师范学校(1982年)/中山北路第八小学(1990年代),办公,凯旋北路1555弄,清末民初,二,,,
5N002,华东师范大学办公楼,办公楼（中楼、东楼、西楼）,中山北路3663号,东楼、西楼1940年代；中楼1952年,二,,,
5N003,大夏大学思群堂,华东师大思群堂,中山北路3663号,1946,三,,,
5W001,清溪茶馆,上海江东书院,高桥镇东街16-28号（双号）,待考,二,,,
5W002,凌氏民宅,高桥人家陈列馆,高桥镇西街163-171号（单号）,1918年,二,,,
5W003,关帝庙,关帝庙,西市街54、56号,2014重修,二,,,
5W004,“贤生”宅,龚路居民委员会,龚路东街20号,1920年代,二,,,
5W005,洋泾中学办公楼、实验楼,洋泾中学3、4号楼,潍坊路111号,1955（3号楼）/1947（4号楼）,四,,,
5W006,花园住宅,三林敬老院,三林镇长清路2315号,待考,三,,,
5W007,叶氏花行,叶氏花行,新场镇洪西街114-126号（双号）、新奉公路105号,清光绪年间,三,,,
5W008,王和生宅,王和生宅,新场古镇新场大街195号,民国初年,二,,,
5W009,裕大南货店,新场大街169－171号楼,新场镇新场大街169-173号(单号),明国20年,三,,,
5W010,住宅,住宅,大团镇永春西二路66-70号(双号),待考,三,,,
5W011,张氏宅,张氏宅,三林镇东林街65弄7号,待考,三,,,
5W012,住宅,住宅,三林镇中林街131弄5号,待考,三,,,
5W013,连宏生宅,连宏生宅,合庆镇华星村连家宅67号,待考,三,,,
5W014,民宅,住宅,高桥镇西街173弄（1-3号）、西街175-181号（单号）,待考,二,,,
5W015,郑生官宅,郑生官宅,新场镇新场大街190号,1912,三,,,
5W016,丁家花园,川沙营造馆,川沙镇东泥弄9号、北市街19号,1930年代,三,,,
5W017,谢氏商铺,谢氏商铺,新场镇洪西街2弄、新场大街399-401号（单号）,待考,三,,,
5W018,三德堂、崇德堂,陆家花苑,川沙镇北城壕路64号,待考,三,,,
5W019,张小乙宅,上海市浦东新区新场镇工农居民委员会,新场镇新场大街283号,民国初年,三,,,
5W020,张氏住宅,张氏住宅,周浦镇川周公路4436号,待考,三,,,
5W021,三林书院旧址,三林中学,三林镇三林路658号,待考,三,,,
5W022,庞松舟住宅,松庐,三林镇中林街66号,1933,二,,,
5W023,中华楼,中国锣鼓书艺术馆,新场镇新场大街141-145号(单号),民国初年,三,,,
5W024,黄氏民宅,高桥绒绣馆,高桥镇西街133弄1、3号，西街135-139号（单号）,1921,二,,,
5W025,以道堂、以德堂,以道堂、以德堂,川沙镇北城壕路84-88号（双号）,1935前后,三,,,
5W026,钟宅,花园住宅,高桥镇石家街29号,1930年代,三,,,
5W027,蔡宅,蔡氏民宅,高桥镇季景北路714弄11号,待考,三,,,
5W028,原英商马勒机器造船厂,中国船舶工业集团公司,浦东大道2789号,1952年(住宅)，办公楼待考,四,,,
5W029,方氏住宅、张贵宾宅,浦东派琵琶艺术传习中心,新场镇新场大街114号南侧,清初,三,,,
5W030,沈宅,沈氏民宅,高桥镇西街124弄1号,约1855,三,,,
5W031,住宅,住宅,航头镇下沙街219-223号（单号）,待考,三,,,
5W032,李氏住宅、李锦章宅,李锦章宅,新场镇新场大街265号，267弄1-11号，269号,清代,三,,,
5W033,住宅,住宅,大团镇永春北路139-143号（单号）,待考,三,,,
5W034,住宅,住宅,花园街28弄1-8号、30、32、34、36、38、40弄1-18号、48弄1-10号,待考,三,,,
5W035,住宅,住宅,航头镇下沙街西段,待考,三,,,
5W036,吴宅,住宅,张江镇江东路33弄2号,1947年,二,,,
5W037,奚家厅,奚家厅,新场镇洪东街118号-126号（双号），新场大街452弄,始建明代，清代大修,四,,,
5W038,五星天主堂,施家天主堂,宣桥镇三灶村五星支弄704号,1904,三,,,
5W039,吴氏民居,吴氏民居,川沙新镇大洪村吴家宅19号,待考,二,,,
5W040,川沙私立友仁初级中学,川沙中学综合大楼,川沙新镇新川路324号川沙中学内,1942,四,,,
5W041,住宅,住宅,高桥镇西街42-48号（双号）,1905,三,,,
5W042,住宅,住宅,周浦镇西大街134号,待考,三,,,
5W043,住宅,住宅,川沙新镇陈桥村1149号,待考,三,,,
5W044,住宅,住宅,川沙新镇陈桥村1156号,待考,四,,,
5W045,住宅,住宅,川沙新镇护塘街111号-115号（单号）,待考,三,,,
5W046,小湾区公所,住宅,唐镇镇小湾村东张家宅1号,1934,三,,,
5W047,李元庆民宅、民宅,高桥镇石家街27弄3号、季景北路608-612号,高桥镇石家街27弄3号、季景北路608-612号（双号）,1930年代,三,,,
5P001,杜正华旧居,杜氏宅,松江区仓城秀南街6、8号,晚清至民国,三,,,
5P002,康奉吉宅、螃蜞老妪宅、宋士琼宅、侯宅、沈开三宅,康氏宅、沈氏三宅、宋氏宅、候氏宅,松江区仓城秀南街102号-114号（双号）,晚清至民国,三,,,
5P003,待考,陆氏宅,松江区仓城秀中山西路317-323号（单号）,民国,三,,,
5K001,花神堂,花神堂,罗店赵巷街136号,1887,二,,,
5R001,倪葆生住宅、志愿军驻地、粮管所粮仓,倪葆生旧居,崇明区堡镇财贸村石桥834号,1927,三,,,
5Y001,住宅,住宅,枫泾镇生产街70号、油车弄2号,待考,三,,,
5Y002,陈舜俞故居、枫泾民俗博物馆,三百园,枫泾镇和平街49号,宋庆历七年（1047）、宋熙宁三年（1070）、宋熙宁七年（1074）,三,,,
5Y003,丁义兴熟食店、丁义兴小酒店,丁蹄作坊,枫泾镇南大街149号,清咸丰二年（1852年）,二,,,
5Z001,庄行东街沿街商铺民宅,住宅,庄行镇一新路95-97号（单号）、庄行东街6-50号（双号）、庄行东街17-43号（单号）,待考,三,,,
5Z002,住宅,住宅,青村镇中街10弄9-12号、18弄1-4号、20-26号（双号）,待考,三,,,
5S001,汇龙潭公园,汇龙潭公园,嘉定镇沙霞路68号,明万历十六年(1588年),二,,,
5S002,耶稣圣心堂、宫保桥天主堂,天主堂,嘉定镇中下塘街99号,待考,二,,,
5S003,华兴永电气公司职工疗养所、塔前招待所,嘉定别墅,嘉定镇南大街321号,待考,二,,,
5S004,待考,南翔双塔周边,南翔镇解放街218、222号、237号，人民街44、46、58、65、67、69、71、73、75号,待考,三,,,
5X001,仲宅,仲宅,朱家角镇胜利街239弄7号,待考,三,,,
5X002,朱家角天主堂,朱家角天主堂,朱家角镇漕河街317弄27号,待考,二,,,
5X003,住宅,住宅,练塘镇东风街109、110号,待考,三,,,
5X004,住宅,住宅,练塘镇下塘街44弄19-38号及北侧构筑物,待考,三,,,
5X005,住宅,住宅,朱家角镇东湖街209弄,待考,三,,,
5X006,陆家米行旧址,住宅,练塘镇前进街77号,1930年代,三,,,
5X007,周氏民宅,周氏民宅,朱家镇东市街157号,待考,三,,,
5X008,杨氏民宅,井亭饭店,朱家角镇西井街56弄,待考,三,,,
5X009,淼趣楼,证大朱家角艺术馆、淼趣楼,朱家角镇北大街222号,待考,三,,,
5X010,陈家仓库,下塘街16号楼,金泽镇下塘街16号,民国初年,三,,,
5X011,张氏民宅,青浦区朱家角镇景区管理办公室,朱家角镇祥凝浜路602号,清末,三,,,
5X012,住宅,住宅,白鹤镇鹤江路369号,待考,三,,,
5X013,住宅,住宅,重固镇通波塘西街53号,待考,四
1A001,亚西亚大楼,"中国太平洋保险公司
 上海银行",中山东一路1号
1A002,上海总会,东风饭店,中山东一路2号,,,,,
1A003,汇丰银行大楼,浦东发展银行,中山东一路10-12号,,,,,
1A004,江海关,上海海关,中山东一路13号,,,,,
1A005,汇中饭店,和平饭店南楼,中山东一路19号,,,,,
1A006,沙逊大厦,和平饭店北楼,中山东一路20号,,,,,
1A007,中国银行,中国银行上海分行,中山东一路23号,,,,,
1A008,怡和银行,市对外贸易局,中山东一路27号,,,,,
1A009,东方汇理银行,光大银行,中山东一路29号,,,,,
1A010,大世界游乐场,大世界游乐场,西藏南路1号,,,,,
1A011,八仙桥基督教青年会,青年会宾馆,西藏南路123号,,,,,
1A012,南京大戏院,上海音乐厅,延安东路523号,,,,,
1A013,四行储蓄会大楼,国际饭店,南京西路170号,,,,,
1A014,西桥青年会,"上海市体育总会
 市体委",南京西路150号,,,,,
1A015,华安人寿保险公司,金门大酒店,南京西路104号,,,,,
1A016,大光明大戏院,大光明电影院,南京西路216号,,,,,
1A017,跑马总会,上海美术馆,南京西路325号,,,,,
1A018,基督教慕尔堂,沐恩堂,西藏中路316号,,,,,
1A019,老、新永安公司,华侨商店、华联商厦,南京东路627-635号,,,,,
1A020,先施公司,时装公司、东亚饭店,南京东路690号,,,,,
1A021,新新公司,第一食品商店,南京东路720号,,,,,
1A022,大新公司,第一百货商店,南京东路830号,,,,,
1A023,大上海大戏院,大上海电影院,西藏中路520号,,,,,
1A024,公共租界工部局,老市政府大楼,"江西中路215、209号；
 汉口路193、223、239号",,,,,
1A025,圣三一基督教堂,黄浦区政府礼堂,九江路201号,,,,,
1A026,金城银行,交通银行,江西中路200号,,,,,
1A027 (1E001),董家渡天主堂,董家渡天主堂,董家渡路175号,,,,,
1C001,步高里,步高里,陕西南路287号,,,,,
1C002,瑞金二路住宅,瑞金宾馆1号楼,瑞金二路18号,,,,,
1C003,尚贤坊,尚贤坊,淮海中路50号,,,,,
1C004,华懋公寓,锦江宾馆北楼,长乐路109号,,,,,
1C005,峻岭公寓、茂名公寓,锦江宾馆中、西楼,茂名南路65-125号,,,,,
1B001,美琪大戏院,美琪大戏院,江宁路66号,,,,,
1B002,华业公寓,华业大楼,陕西北路175号,,,,,
1B003,涌泉坊,涌泉坊,愚园路395弄1-24号,,,,,
1B004,裕华新村,裕华新村,富民路182弄1-32,,,,,
1B005,嘉道理爵士住宅,市少年宫,延安西路64号,,,,,
1B006,宏恩医院,华东医院南楼,延安西路221号,,,,,
1B007,马勒住宅,团市委、宾馆,陕西南路30号,,,,,
1D001,徐家汇天主堂,徐家汇天主堂,徐家汇浦西路158号,,,,,
1D002,国际礼拜堂,国际礼拜堂,衡山路58号,,,,,
1D003,汾阳路79号住宅,工艺美术研究所,汾阳路79号,,,,,
1D004,盛宣怀住宅,日本领事馆,淮海中路1517号,,,,,
1D005,汾阳路45号,上海海关招待所,汾阳路45号,,,,,
1D006,新康花园,新康花园,淮海中路1273号,,,,,
1D007,修道院公寓,湖南街道办事处,复兴西路62号,,,,,
1F001,百老会大厦,上海大厦,北苏州河路2号,,,,,
1F003,上海邮政总局,上海市邮政局,北苏州河路250-276号,,,,,
1F002,俄罗斯领事馆/苏联领事馆,俄罗斯领事馆,黄浦路20号,,,,,
1F004,多伦路250号住宅,住宅,多伦路250号,,,,,
1G001,旧上海特别市政府,体育学院办公楼,清源环路650号,,,,,
1G002,上海市体育场,江湾体育场,国和路346号,,,,,
1G003,杨树浦水厂,杨树浦自来水之水有限公司,杨树浦路830号（许昌路口）,,,,,
1M001,淮阴路姚氏住宅,西郊宾馆4号楼,淮阴路200号,,,,,
1M002,沙逊别墅,龙柏饭店,虹桥路2409号,,,,,
1M003,孙科住宅,上海生物制品研究所办公楼,延安西路1262号,,,,,
1M004,虹桥路2310号住宅,海南置地上海公司,虹桥路2310号,,,,,
1M005,泰安路115弄花园里弄住宅,住宅,泰安路115弄1-8号,,,,,
1M006,兴国路住宅,兴国宾馆1号楼,兴国路72号,,,,,
1M007,王伯群住宅,长宁区少年宫,愚园路1136弄31号,,,,,
1P001,佘山天主教堂,佘山天主教堂,松江县佘山
2A001,法国邮船大楼,住总公司机电设计院,中山东二路9号,,
2A002,有利银行,上海建筑设计研究院,中山东一路4号,,,,,
2A003,中国通商银行,华夏银行,中山东一路6号,,,,,
2A004,大北电报局,盘谷银行上海分行,中山东一路7号,,,,,
2A005,华俄道胜银行,中国外汇交易中心,中山东一路15号,,,,,
2A006,台湾银行,工艺品进出口公司,中山东一路16号,,,,,
2A007,字林西报大楼,"丝绸进出口公司
 上海通联实业总公司",中山东一路17号,,,,,
2A008,麦加利银行,上海家用纺织品进出口公司,中山东一路18号,,,,,
2A009,横滨正金银行,工商银行；纺织控股集团公司,中山东一路24号,,,,,
2A010,英国领事馆,市机管局,"中山东一路33号1#楼
 中山东一路33号8#楼",,,,,
2A011,外滩信号台,外滩史陈列室,中山东二路,,,,,
2A012,外白渡桥,外白渡桥,外滩,,,,,
2A013,乍浦路桥,乍浦路桥,乍浦路,,,,,
2A014,四川路桥,四川路桥,四川中路,,,,,
2A015,格林邮船大楼,上海广播电视台,北京东路2号,,,,,
2A016,洋 行,海运服务公司,滇池路100号,,,,,
2A017,洋 行,电视社杂志社,滇池路120号,,,,,
2A018,洋 行,圆明园酒家,北京东路81号,,,,,
2A019,国华银行大楼,黄浦税务局,北京东路342号,,,,,
2A020,广学大楼,市文体进出口公司,虎丘路128号,,,,,
2A021,光陆大戏院,外贸会堂,虎丘路146号,,,,,
2A022,银行公会大楼,爱建公司,香港路59号,,,,,
2A023,洋行,上海广告公司,圆明园路97号,,,,,
2A024,女青年会大楼,市政设计院,圆明园路133号,,,,,
2A025,真光大楼,真光大楼,圆明园路209号,,,,,
2A026,迦陵大楼,嘉陵大楼,南京东路99号,,,,,
2A027,慈淑大楼,东海商都,南京东路353号,,,,,
2A028,麦家圈医院,仁济医院,山东中路145号,,,,,
2A029,正广和公司,机要局,福州路44号,,,,,
2A030,总巡捕房,上海市公安局,福州路185号,,,,,
2A031,美国花旗银行,高级法院,福州路209号,,,,,
2A032,大来大楼,锦江集团财务公司证券经营部； 建设银行三支行,"广东路51,59号",,,,,
2A033,永年人寿保险公司,"上海巴黎国际银行、轻工业局；
 老干部大学",广东路93号,,,,,
2A034,申报馆,三环房产公司,汉口路309号,,,,,
2A035,吉祥里,吉祥里,河南中路531-541号,,,,,
2A036,礼记洋行,鲤鱼门酒店,江西中路255号,,,,,
2A037,汉弥登大楼,福州大楼,江西中路170号,,,,,
2A038,都城饭店,新城饭店,江西中路180号,,,,,
2A039,建设大厦,冶金工业局,江西中路181号,,,,,
2A040,浙江第一商业银行,华东建筑设计研究院,汉口路151号,,,,,
2A041,大陆银行,上海信托投资公司,九江路111号,,,,,
2A042,物业供应站,市医药供应公司,九江路89号,,,,,
2A043,上海公库,建设银行分行,九江路50号,,,,,
2A044,中华邮政储金汇业局,九江路邮电局,九江路36号,,,,,
2A045,若瑟堂,若瑟堂,四川南路36号,,,,,
2A046,企业大楼,轻工业局,四川中路33号,,,,,
2A047,卜内门大楼,"上海时运物业集团/
 上海市新华书店",四川中路133号,,,,,
2A048,汇丰大楼,上海浦东国际机场公司,四川中路220号,,,,,
2A049,四行储蓄会大楼,化轻公司,四川中路261号,,,,,
2A050,东方饭店,上海市工人文化宫,西藏中路120号,,,,,
2A051,德士古大楼(会德丰大楼),上海黄浦房地产股份有限公司,延安东路110号,,,,,
2A052,中汇大楼,中汇大楼,延安东路143号,,,,,
2A053,华商纱布交易所,上海市自然博物馆,延安东路260号,,,,,
2A054,中法学堂,光明中学,淮海东路70号,,,,,
2A055,三井洋行,手表七厂办公楼,四川中路185号,,,,,
2A056 (2E001),慈修庵,慈修庵,秦岭街15号,,,,,
2A057 (2E002),小桃园清真寺,小桃园清真寺,小桃园街52号（主楼）,,,,,
2A058 (2E003),清心堂,清心堂,大昌街30号,,,,,
2C001,法公董局,综合办公楼,淮海中路375号,,,,,
2C002,培文公寓,培文公寓,淮海中路449号,,,,,
2C003,永业大楼,永业大楼,淮海中路481号,,,,,
2C004,国泰大戏院,国泰电影院,淮海中路870号,,,,,
2C005,法国总会,花园饭店,茂名南路58号,,,,,
2C006,兰心大戏院,兰心大戏院,茂名南路57号,,,,,
2C007,ASTRID公寓,南昌大楼,茂名南路143号,,,,,
2C008,法国总会（老）,科学会堂(一号楼),南昌路47号,,,,,
2C009,梵尔登花园,里弄住宅,陕西南路39弄1-103号,,,,,
2C010,陕南村,陕南村,陕西南路157-187号,,,,,
2C011,花园住宅,花园住宅,思南路51-95号(单),,,,,
2C012,震旦大学图书馆教学大楼/震旦大学博物馆,第二医科大学十二号大楼/昆虫研究所,重庆南路280号/重庆南路225号,,,,,
2C013,东正教堂,幸运城大酒店,皋兰路16号,,,,,
2C014,江南制造局,江南造船厂,高雄路2号（总办公楼）/2号船坞/指挥楼/飞机车间,,,,,
2B001,犹太人总会/黄河皮鞋店,联谊俱乐部统战部/市皮革公司商厦,南京西路722号/南京西路702号,,,,,
2B002,德义大楼,德义大楼,南京西路778号,,,,,
2B003,中国银行,中国工商银行,南京西路801号,,,,,
2B004,MEDHURST大楼,泰兴大楼,南京西路934号,,,,,
2B005,静安别墅,静安别墅,南京西路1025弄,,,,,
2B006,花园住宅,对外友协外办,南京西路1418号,,,,,
2B007,模范村,模范村,延安中路877号,,,,,
2B008,住宅,住宅,延安中路931-979号,,,,,
2B009,意大利总会,市文联,延安西路238号,,,,,
2B010,百乐门舞厅,百乐门影剧院,愚园路218号,,,,,
2B011,愚谷村,愚谷村里弄住宅,愚园路361弄,,,,,
2B012,住宅,第二工业大学,陕西北路80号,,,,,
2B013,怀恩堂,怀恩堂,陕西北路375号,,,,,
2B014,西摩路会堂,市教育局礼堂,陕西北路500号,,,,,
2B015,花园住宅,市规划院,铜仁路333号,,,,,
2B016,花园住宅,中信公司,北京西路1301号,,,,,
2B017,大胜胡同,大胜胡同,华山路229-285弄,,,,,
2B018,海格大楼,静安宾馆,华山路400号,,,,,
2B019,美国学校,中福会儿童艺术剧院/马可波罗俱乐部,华山路643号/华山路639号,,,,,
2B020,枕流公寓,枕流公寓,华山路731号,,,,,
2B021,景华新村,景华新村,巨鹿路820弄,,,,,
2B022,爱登公寓,常德公寓,常德路195号,,,,,
2B023,望德堂,住宅,北京西路1220弄2号,,,,,
2B024,雷氏德医学院,医工院,北京西路1320号,,,,,
2B025,花园住宅,市仪表局,延安中路816号,,,,,
2H001,四行仓库,仓库,光复路21号,,,,,
2D001,花园住宅,东湖宾馆七号楼,淮海中路1110号,,,,,
2D002,亨利公寓,淮中大楼中波轮船公司,淮海中路1160-1164号,,,,,
2D003,盖司康公寓,淮海公寓,淮海中路1202号,,,,,
2D004,上方花园,上方花园,淮海中路1285弄,,,,,
2D005,皇家公寓,淮海大楼、美美百货,淮海中路1300-1326号,,,,,
2D006,花园住宅,法国领事馆,淮海中路1431号,,,,,
2D007,花园住宅,美国领事馆,淮海中路1469号,,,,,
2D008,逸村,逸村,淮海中路1610弄,,,,,
2D009,花园住宅,市科技情报所,淮海中路1634号,,,,,
2D010,中南新村,中南新村,淮海中路1670弄,,,,,
2D011,花园住宅,花园住宅,淮海中路1754弄,,,,,
2D012,东美特公寓,武康大楼,淮海中路1842-1858号,,,,,
2D013,丁香花园,丁香花园,华山路849号主楼,,,,,
2D014,住宅,工商业联合会,华山路893号,,,,,
2D015,南洋公学,交通大学：正门/体育馆/校办公楼/教学楼/图书馆,华山路1954号,,,,,
2D016,道斐南公寓,建国公寓,建国西路394号,,,,,
2D017,建业里,建业里,建国西路440弄,,,,,
2D018,懿园,懿园,建国西路506弄,,,,,
2D019,住宅,波兰驻沪总领事馆,建国西路618号,,,,,
2D020,美童公学,七0四所,衡山路10号,,,,,
2D021,华盛顿公寓,西湖公寓,衡山路303号,,,,,
2D022,毕卡迪公寓,衡山宾馆,衡山路534号,,,,,
2D023,住宅,德国驻沪总领事馆,永福路151号,,,,,
2D024,花园住宅,老干部局,岳阳路145号,,,,,
2D025,永嘉新村,永嘉新村,永嘉路580号,,,,,
2D026,永康新村,永康新村,永康路580号,,,,,
2D027,花园住宅,一0三所,岳阳路110号,,,,,
2D028,花园住宅,老干部局,岳阳路145号,,,,,
2D029,住宅,里弄住宅,岳阳路200弄,,,,,
2D030,中央研究院,中科院生理研究所,岳阳路320号,,,,,
2D031,徐汇公学,徐汇中学,虹桥路68号,,,,,
2D032,徐家汇圣母院,徐家汇圣母院,漕溪北路45号,,,,,
2D033,藏书楼,上海市图书馆,漕溪北路80号,,,,,
2D034,中山医院,中山医院,医学院路136号（主楼）,,,,,
2D035,国立上海医学院,第一医科大学,医学院路138号（主搂）,,,,,
2D036,正广和大班住宅,住宅,武康路99号,,,,,
2D037,密丹公寓,密丹公寓,武康路115号,,,,,
2D038,丽波花园东主楼,市体育研究所,吴兴路87号,,,,,
2D039,朱敏堂住宅,住宅,乌鲁木齐南路151号,,,,,
2D040,自由公寓,自由公寓,五原路258号,,,,,
2D041,东正教堂,建设银行,新乐路55号,,,,,
2D042,高安公寓,高安公寓,高安路14号,,,,,
2D043,会乐精舍,会乐公寓,复兴西路34号,,,,,
2D044,克莱门公寓,克莱门公寓,复兴中路1363弄,,,,,
2D045,住宅,住宅,汾阳路9弄3号,,,,,
2D046,住宅,音乐学院附校甲楼/乙楼,东平路9号,,,,,
2D047,赛华公寓,瑞华公寓,常熟路209号,,,,,
2D048,住宅,结核病防治中心,延庆路130号,,,,,
2F001,日本领事馆/联合救济总署,商业置地公司,黄浦路106号红楼/灰楼,,,,,
2F002,河滨公寓,河滨公寓,北苏州路340号,,,,,
2F003,鸿德堂,鸿德堂,多伦路59号,,,,,
2F004,雷氏德工学院,海员医院,东长治路505号,,,,,
2F005,北方局,远洋运输公司,东大名路378号,,,,,
2F006,高阳大楼,高阳大楼,东大名路817号,,,,,
2F007,新亚酒楼,新亚大酒店,天潼路422号,,,,,
2F008,四行大楼,九州商厦,四川北路1274号,,,,,
2F009,中国银行大楼,工商银行,四川北路894号,,,,,
2F010,景灵堂,景灵堂,昆山路135号,,,,,
2F011,虹口救火会,虹口消防队,哈尔滨路2号,,,,,
2F012,上海监狱,提蓝桥监狱,长阳路147号,,,,,
2G001,杨树浦电厂,杨树浦电厂,杨树浦路2800号（铁皮车间）,,,,,
2G002,沪江大学,华东工业大学，上海理工大学,军工路516号礼堂/实验楼,,,,,
2G003,旧市博物馆,第二军医大学（主楼）,长海路174号,,,,,
2G004,旧市图书馆,同济中学,黑山路181号,,,,,
2M001,住宅,安徽省驻沪办事处招待所,新华路185弄1号,,,,,
2M002,住宅,市一商局疗养院,新华路315号,,,,,
2M003,住宅,住宅,新华路329弄17号,,,,,
2M004,西园大厦,西园公寓,愚园路1396号,,,,,
2M005,住宅,比利时驻沪总领事馆,武夷路127号,,,,,
2M006,圣约翰大学:校政厅/怀施堂/思颜堂/思孟堂/科学馆/西门堂,华东政法学院:校长办公楼4号楼/韬奋楼41号楼/学生宿舍40号楼/学生宿舍43号楼/办公楼42号楼/东风楼22号楼,万航渡路1175号,,,,,
2M007,卫乐园,卫乐园,泰安路120号,,,,,
2M008,中西女中,市三女中,江苏路155号东楼/北楼,,,,,
2M009,住宅,武警总队,虹桥路2275号,,,,,
2M010,安息堂,安息堂,虹桥路2381号,,,,,
2M011,住宅,住宅,愚园路754号,,,,,
2N001,中国造币厂,上海造币厂,光复西路17号,,,,,
2N002,玉佛寺,玉佛寺,安远路170号
3A001,扬子大楼/扬子水火保险公司,中国农业银行上海分行外汇营业部大楼/中国农业银行上海分行,中山东一路26号,,
3A002,交通银行/交通银行,"上海市总工会大楼/
 上海市总工会",中山东一路14号,,,,,
3A003,日清大楼/日清汽船株式会社,锦都大楼/华夏银行上海分行、锦都实业总公司,中山东一路5号,,,,,
3A004,普益大楼/普益地产公司,上海电气集团总公司,四川中路106-110号,,,,,
3A005,大北大楼电报局,"上海长途电信科技发展公司、
 上海市城市交通管理局",延安东路34号,,,,,
3A006,中南大楼/中南银行,"爱建金融大楼/
 爱建信托投资有限公司等",汉口路110号,,,,,
3A007,美伦大楼,上海晒图厂等,南京东路151-171号,,,,,
3A008,电力大楼/上海电力公司,华东电力管理局,南京东路181号,,,,,
3A009,博物院大楼/亚洲文会、英国皇家亚洲文会北中国支会,青岛工行/上海图书馆书库,虎丘路20号,,,,,
3A010,"颐中大楼/
 英美颐中烟草股份有限公司",上海海鸥照相机销售有限公司等,南苏州路161-175号,,,,,
3A011,沪宁铁路局、安顺洋行等,元芳弄,四川中路126弄5-21号,,,,,
3A012,三菱大楼、美孚大楼,懿德大楼/新世纪创业有限公司，黄中大楼/黄浦区中心医院门诊部,"广东路94-102号/
 四川中路109号",,,,,
3A013,青年协会大楼,虎丘公寓,虎丘路131号,,,,,
3A014,兰心大楼,渣打银行上海分行,圆明园路185号,,,,,
3A015,恒业里,恒业里,江西中路135弄1-13号,,,,,
3A016,四明大楼,上海建筑材料集团总公司,北京东路232-240号,,,,,
3A017,哈同大楼,慈安里大楼,南京东路98-114号,,,,,
3A018,东亚大楼,东亚银行,四川中路299号,,,,,
3A019,谦信大楼,"中国人民解放军海军后勤部
 上海物资站",江西中路138号,,,,,
3A020,瑞康洋行买办住宅,上海市储能中学一分部,黄陂南路25号乙,,,,,
3A021,清心女中,上海市第八中学,陆家浜路550号,,,,,
3A022,龙门村,龙门村,尚文路,,,,,
3A023,中法求新机器轮船制造厂,"上海求新船厂——厂部办公楼/
 红楼",机厂路132号,,,,,
3A024,上海电话局南市总局,"上海市中华路电话局
 ——办公楼/机房",中华路734号,,,,,
3C001,爱司公寓,瑞金大楼,瑞金一路150号,,,,,
3C002,泰山公寓,泰山大楼,淮海中路622弄,,,,,
3C003,飞霞别墅,飞霞别墅,淮海中路584弄,,,,,
3C004,飞龙公寓,住宅,淮海中路538-544号及542弄,,,,,
3C005,法租界霞飞路巡捕房,卢湾区职业教育中心,淮海中路235号,,,,,
3C006,白尔登公寓,陕南大楼,陕西南路213号,,,,,
3C007,住宅,瑞金宾馆3号楼,瑞金二路118号,,,,,
3C008,住宅,瑞金宾馆4号楼,瑞金二路118号,,,,,
3C009,住宅,上海文史馆,思南路39号-41号,,,,,
3C010,巴黎公寓,巴黎公寓,重庆南路165号,,,,,
3C011,巴黎新村,巴黎新村,重庆南路169弄,,,,,
3C012,永丰村,住宅,重庆南路177号、179弄1-10号,,,,,
3C013,吕班公寓,重庆公寓,重庆南路185号,,,,,
3C014,诸圣堂,诸圣堂,复兴中路425号,,,,,
3C015,住宅,住宅,皋兰路1号,,,,,
3C016,住宅,上海文艺出版社等,绍兴路74号,,,,,
3C017,香山路住宅,住宅,香山路6号,,,,,
3B001,邱氏住宅,民立中学四号楼,威海路412号,,,,,
3B002,联华公寓,联华公寓,"北京西路1341-1383号,铜仁路304-330号,南阳路208-228号",,,,,
3B003,铜仁路278号,铜仁路279号,铜仁路280号,,,,,
3B004,皮裘公寓,皮裘公寓,铜仁路278号,,,,,
3B005,震兴里、荣康里、德庆里,震兴里、荣康里、德庆里,茂名北路200-290弄,,,,,
3B006,住宅,岳阳医院,青海路44号,,,,,
3B007,善钟里,善钟里,常熟路113弄2-31号,,,,,
3B008,亚细亚火油公司住宅,巨鹰宾馆,巨鹿路889号,,,,,
3B009,住宅,住宅,巨鹿路868-892号,,,,,
3B010,住宅,住宅,巨鹿路852弄1-8号、10号,,,,,
3B011,住宅,上海市作家协会,巨鹿路675-681号,,,,,
3B012,住宅,住宅,南京西路1522弄,,,,,
3B013,太阳公寓,太阳公寓,威海路651、665弄,,,,,
3B014,四明里,四明村,延安中路913弄,,,,,
3B015,蒲园,蒲园,长乐路570弄,,,,,
3B016,杜美新村,长乐新村,长乐路764弄,,,,,
3B017,住宅,住宅,"富民路210弄2-14号、
 长乐路752-762号",,,,,
3B018,大华公寓,大华公寓,南京西路864-884号，奉贤路137号、147号，奉贤路148弄1-4号、8号,,,,,
3B019,住宅,华园物业公司办公楼,长乐路800号,,,,,
3B020,住宅,住宅,奉贤路68弄40-52号、80-92号,,,,,
3B021,中实新村,中实新村,愚园路581-589及579弄,,,,,
3B022,文元坊,文元坊,愚园路608弄,,,,,
3B023,念吾新村/多福里/汾阳坊,念吾新村/多福里/汾阳坊,延安中路470弄/504弄/510弄,,,,,
3B024,中国红十字会医院,华山医院,乌鲁木齐中路12号5号楼,,,,,
3B025,切尔西住宅,少儿图书馆,南京西路962号,,,,,
3B026,住宅,延中部队招待所,延安中路810号,,,,,
3H001,上海总商会,电子元件研究所南楼,北苏州路470号,,,,,
3D001,德国技术工程学院，同济德文医学堂，国立上海高级机械职业学校,上海理工大学图书馆,复兴中路1195号,,,,,
3D002,霞飞路住宅、比利时领馆,达芬奇集团,淮海中路1131号南楼,,,,,
3D003,万国储蓄会公寓、盖司康公寓,淮海公寓2号楼,淮海中路1204-1218号,,,,,
3D004,住宅,住宅,淮海中路1276-1292号,,,,,
3D005,住宅,住宅,华亭路71弄1-7号，延庆路135-149号,,,,,
3D006,住宅,住宅,华亭路72、74、84、86号，延庆路151-157号,,,,,
3D007,麦琪公寓,麦琪公寓,复兴西路24号,,,,,
3D008,上海新村,上海新村,淮海中路1487弄1-56号,,,,,
3D009,林肯公寓,曙光公寓,淮海中路1554-1568号、1562弄2-5号,,,,,
3D010,来斯南村,来斯南村,五原路205弄2-6号,,,,,
3D011,住宅,上海永乐电影电视（集团）公司,永福路52号,,,,,
3D012,住宅,住宅,武康路40弄1号,,,,,
3D013,住宅,上海市房地产科学研究院,复兴西路193号3号楼,,,,,
3D014,住宅,湖南别墅,湖南路262号,,,,,
3D015,住宅,巴金住宅,武康路113号,,,,,
3D016,住宅,住宅,武康路117弄1号,,,,,
3D017,住宅,住宅,武康路117弄2号,,,,,
3D018,住宅,汽车工业总公司,武康路390号,,,,,
3D019,住宅,住宅,武康路393号,,,,,
3D020,住宅,住宅,淮海中路1818弄1-8号,,,,,
3D021,住宅,住宅,嘉善路131-143弄，169弄,,,,,
3D022,住宅,上海电影译制厂,永嘉路383号,,,,,
3D023,住宅,零三单位华东办事处,永嘉路389号,,,,,
3D024,住宅,瑞金宾馆太原分馆,太原路160号,,,,,
3D025,住宅,住宅,永嘉路495弄,,,,,
3D026,住宅,电话局职工住宅,建国西路398号,,,,,
3D027,住宅,住宅,岳阳路170弄1号1号楼,,,,,
3D028,住宅,住宅,永嘉路527弄1-5号,,,,,
3D029,住宅,住宅,永嘉路571号,,,,,
3D030,住宅,住宅,安亭路81弄2，4号,,,,,
3D031,住宅,住宅、小旋枫酒店,安亭路130、132号,,,,,
3D032,住宅,住宅、建国西路幼儿园,建国西路620、622号,,,,,
3D033,住宅,市委机关幼儿园,余庆路190号,,,,,
3D034,大修道院,徐汇区人民检察院,漕溪北路336号,,,,,
3D035,江南弹药局,解放军七三一五工厂——厂房/机房/仓库（4座）/水牢/老门房,龙华路2577号（烈士陵园北部）,,,,,
3F001,大陆新村/文华新村/淞云别墅/留青小筑,住宅,山阴路30、44、64、112、124、132、144、156、168、180、192、208、210弄，甜爱路59号、40号，山阴路2弄1-43号，四川北路2044-2058号,,,,,
3F002,长春公寓,长春公寓,长春路304号,,,,,
3F003,住宅,住宅,溧阳路1084弄2-11号、1114弄1-21号、1156弄1-19号、1208弄1-12号、1219、1221、1253、1283、1313、1235、1267、1295、1298、1237、1269、1297、1331、1251、1281、1311、1338号，溧阳路1203弄1-12号,,,,,
3F004,住宅,住宅,武进路206-296号,,,,,
3F005,礼查饭店,浦江饭店,黄浦路15号,,,,,
3F006,公寓,公寓,昆山路227号/昆山路277号/昆山花园路1-10号,,,,,
3F007,住宅,住宅,蟠龙街1-13号,,,,,
3F008,西本愿寺,梦幻柔情舞厅,乍浦路455号,,,,,
3F009,虹口大旅社,虹口大楼,海宁路449号,,,,,
3F010,住宅,上海纺织老干部活动室,多伦路215号,,,,,
3F011,祥德路住宅,祥德路住宅,祥德路2弄,,,,,
3G001,住宅,住宅,隆昌路222-266号,,,,,
3G002,上海市东区污水处理厂,上海市东区污水处理厂——办公楼/压缩机房、过滤池,河间路1283号,,,,,
3G003,怡和纱厂,上海第五毛纺厂——空压站及仓库/厂房/英老板住宅/废纺车间/大仓库,杨树浦路670号,,,,,
3G004,上海密丰绒线厂,上海茂华毛纺厂——绒线仓库/综合楼/经理住宅（A）/领班住宅（B）/高级职员住宅（C）,波阳路400号,,,,,
3G005,上海煤气公司,上海市杨树浦煤气厂——办公楼/高级职员住宅/储气罐,杨树浦路2524号,,,,,
3G006,正广和汽水厂,梅林正广和有限公司,通北路400号,,,,,
3G007,裕丰纱厂,上海第十七棉纺厂——办公楼/一纺车间/二纺车间/三纺车间/四纺车间/锅炉房及水房/北厂厂房,杨树浦路2866号,,,,,
3M001,兆丰别墅,兆丰别墅,长宁路712弄,,,,,
3M002,新华村,长宁区政府11号楼,愚园路1320号,,,,,
3M003,新华村,长宁区政府12号楼,愚园路1320号,,,,,
3M004,新华村,长宁区政府14号楼,愚园路1320号,,,,,
3M005,新华村,长宁区政府15号楼,愚园路1320号,,,,,
3M006,亦村,亦村,泰安路76弄,,,,,
3M007,住宅,工商银行愚园路分理处等,愚园路1294号,,,,,
3M008,沪西别墅/沪西别业,沪西别墅,愚园路1210弄东侧,,,,,
3M009,住宅,住宅,愚园路1112弄4号，20号,,,,,
3M010,私立妇孺医院,长宁区妇幼保健院,延安西路934号,,,,,
3M011,住宅,汉语大词典出版社,新华路200号,,,,,
3M012,住宅,住宅,新华路231号,,,,,
3M013,住宅,住宅,新华路329弄32号乙,,,,,
3M014,住宅,住宅,新华路329弄36号,,,,,
3M015,住宅,住宅（272弄2号为幼托）,新华路236号，248号，272弄2号、6号，294弄1号,,,,,
3M016,住宅,兴国宾馆2号楼,兴国路72号,,,,,
3M017,住宅,兴国宾馆6号楼,兴国路72号,,,,,
3M018,梅泉别墅,梅泉别墅,新华路593弄,,,,,
3M019,住宅,办公楼（空置）,新华路483号,,,,,
3M020,住宅,新华路警署,新华路179号,,,,,
3M021,住宅,上海市信息中心一号楼及西侧花园住宅群,华山路1076号及1100弄、1120弄,,,,,
3M022,海格园,花园住宅群,华山路1006弄,,,,,
3M023,住宅,上海市工人疗养院,延安西路2558号（1-4号楼）,,,,,
3M024,住宅,住宅,新华路211弄2号,,,,,
3M025,哥伦比亚总会,上海生物制品研究所,延安西路1262号,,,,,
3M026,大理石亭,大理石亭,长宁路780号中山公园内,,,,,
3M027,弗兰克林住宅、中央银行俱乐部,空军455医院,淮海西路338号,,,,,
3M028,达华公寓,达华宾馆,延安西路918-928号,,,,,
3M029,丁香花园,丁香别墅,华山路922号,,,,,
3M030,真如中学,东延安中学北楼,延安西路601号,,,,,
3M031,西区污水处理厂,上海城市排水管理处技工学校-泵房/宿舍楼立面片段,天山路、哈密路口,,,,,
3N001,宜昌路救火会,消防三支队宜昌中队,宜昌路216号,,,,,
3N002,上海啤酒有限公司,上海啤酒厂灌装楼/办公楼/酿造楼,宜昌路130号,,,,,
3N003,天利淡气制品厂,化工部上海化工研究院——合成氮车间/硝酸车间,云岭东路345号,,,,,
3N004,中华书局印刷厂澳门路新厂,中华印刷厂——办公楼/印刷车间/仓库,澳门路477号,,,,,
3N005,福新面粉厂、阜丰面粉厂,上海面粉厂——四厂（莫干山大酒店）/小包装面粉仓库/麸皮车间/七厂厂房/面粉工业发展史陈列馆/二层办公楼,莫干山路120号,,,,,
3W001,唐墓桥露德圣母堂,唐墓桥露德圣母堂,浦东唐墓桥,,,,,
3W002,住宅,住宅,钱仓路316号,,,,,
3J001,天主堂,南张安老院,闵行区七莘路9号桥,,,,,
3K001,海底电缆登陆局房,东海船厂,逸仙路3901号,,,,,
3R001,黄家花园,崇明县中心医院,崇明县城桥镇南门港街26号
4A001,上海基督教青年会,浦光大楼/浦光中学,四川中路595-607号,,
4A002,英商自来水公司大楼,自来大楼,江西中路484号,,,,,
4A003,英商自来水公司办公楼,自力大楼/自来水公司管线管理所,江西中路464-466号,,,,,
4A004,源源长银行/东方企业公司,住宅,江西中路473号,,,,,
4A005,恒丰大楼,恒丰大楼/上海航道局办公用房,江西中路450号-454号,,,,,
4A006,信托大楼/上海信托公司,沙美大楼,北京东路190号,,,,,
4A007,浙江兴业银行,上海市建工集团、上海市物资局、北京西路售票处等,北京东路230号,,,,,
4A008,中垦大楼/中国垦业银行,上海市电力公司(北部）、上海市建筑材料供应总公司、上海航空铸锻公司,北京东路239、255号,,,,,
4A009,"中一信托大楼/
 中一信托股份公司",中一大楼/上海市联运总公司,北京东路270号,,,,,
4A010,盐业大楼/盐业银行,上海长江电气集团等,北京东路280号,,,,,
4A011,上海洋行/上海商业储蓄银行,上海浦东发展银行总部,"宁波路40、50号，
 江西中路368号",,,,,
4A012,中央储蓄会/广东银行,光大银行,天津路2号，江西中路349号,,,,,
4A013,美丰银行,美丰大楼/上海强农集团,"河南中路521-529号，
 宁波路180号",,,,,
4A014,恒利银行,永利大楼,河南中路495号，天津路100号,,,,,
4A015,上海钱业公会,钱业大楼/长江计算机集团,宁波路276号,,,,,
4A016,南京饭店,南京饭店,山西南路182-200号,,,,,
4A017,安利洋行,"安利大楼/
 上海晶通化学品有限公司等",四川中路320号，九江路80号,,,,,
4A018,大清银行/中国人寿保险公司,"上海骅骏商贸有限公司、
 市残疾人联合会","四川中路268-270号，
 汉口路50号",,,,,
4A019,百乐饭店/同仁医院/教会学校/中国基督教协会,曾为黄浦区人民政府大楼,九江路219号,,,,,
4A020,花园住宅,上海市公安机关服务中心,汉口路210号,,,,,
4A021,旗昌洋行,上海市生产服务合作联社等,福州路17、19号,,,,,
4A022,中兴银行,申达大楼/上海市机电设计研究院,福州路89号,,,,,
4A023,雷米洋行/利名洋行,住宅,金陵东路8号,,,,,
4A024,约克大楼,金陵大楼,四川南路29号,,,,,
4A025,太古洋行,丰华大楼/上海工业发展基金会,中山东二路22号,,,,,
4A026,金城大戏院,黄浦剧场,北京东路780号,,,,,
4A027,三星大舞台/中国大戏院,中国剧场,牛庄路700号-714号,,,,,
4A028,新光大戏院,新光影艺院,宁波路586号,,,,,
4A029,中国大饭店,上海铁道宾馆,"宁波路588号，
 贵州路160号-170号",,,,,
4A030,扬子饭店,扬子饭店(曾用名：申江饭店),汉口路740号(云南路转角),,,,,
4A031,中国纺织建设公司第五仓库,上海市纺织原料公司新闸桥仓库,南苏州路1295号,,,,,
4A032,洋行,上海东方音像有限公司,广东路306号,,,,,
4A033,江苏旅社,住宅,福州路379弄50号,,,,,
4A034,中国银行南市办事处,童涵春堂,人民路1号(小东门),,,,,
4A035,仁记珠宝银楼,瑞源珠宝等,中华路5号,,,,,
4A036,联市联谊会,上海双工缝纫设备开发公司,中华路55号,,,,,
4A037,集贤村,集贤村,"金坛路35弄1号-30号、
 32号-44号",,,,,
4A038,小南门警钟楼,小南门警钟楼,中华路581号,,,,,
4A039,沪南钱业公所,沪南钱业公所,"人民路安仁街古城公园内
 （原址：北施家弄133号）",,,,,
4C001,中德医院,妇婴保健院,延安中路393号,,,,,
4C002,康绥公寓,康绥公寓,淮海中路468-494号,,,,,
4C003,国泰公寓,国泰公寓,淮海中路816弄、818－832号,,,,,
4C004,霞飞坊,淮海坊,淮海中路927弄,,,,,
4C005,法国体育总会,科学会堂,南昌路57号,,,,,
4C006,上海别墅,上海别墅,南昌路110弄、112-122号,,,,,
4C007,花园住宅群,花园住宅群,南昌路124－134号、136弄1-16号、138-146号,,,,,
4C008,克美产科医院,卢湾区政府2号楼,重庆南路139号,,,,,
4C009,花园住宅,花园住宅,皋兰路11-17号,,,,,
4C010,希勒公寓,钟和公寓,茂名南路106-124号，南昌路179号,,,,,
4C011,梅兰坊,梅兰坊,黄陂南路596弄1-58号,,,,,
4C012,派克公寓,花园公寓,复兴中路455号,,,,,
4C013,花园住宅,花园住宅（其中471－473号曾为卢湾区第四聋哑学校）,复兴中路471－473号，477号,,,,,
4C014,花园住宅,花园住宅,复兴中路517号，531号，533-537号，539号，541号,,,,,
4C015,辣斐坊,复兴坊,复兴中路553弄1-21号，543-551号，555-561号,,,,,
4C016,花园住宅,花园住宅,思南路50-70号,,,,,
4C017,万宜坊,万宜坊,重庆南路205弄5-94号,,,,,
4C018,广慈医院,瑞金医院8号楼、3号楼,瑞金二路197号,,,,,
4C019,安和新村,安和新村,瑞金二路198弄,,,,,
4C020,金谷村,金谷村,绍兴路18弄，绍兴路2-34号，瑞金二路132弄1-59号、78-83号,,,,,
4C021,爱麦虞限路9号宅,上海昆剧团,绍兴路9号,,,,,
4C022,明复图书馆,卢湾区图书馆,陕西南路235号,,,,,
4C023,花园住宅,花园住宅,淮海中路796号,,,,,
4B001,中苏友好大厦,上海展览中心,延安中路1000号,,,,,
4B002,荣氏花园住宅,花园住宅/香港星空传媒集团公司上海代表处,陕西北路186号,,,,,
4B003,宋氏花园住宅,宋氏花园住宅,陕西北路369号,,,,,
4B004,花园住宅,上海市外事办公室,铜仁路257号,,,,,
4B005,大新烟草公司,上海电筒厂职工宿舍,北京西路1094弄2号,,,,,
4B006,花园住宅,上海电气进出口公司,北京西路1394弄2号,,,,,
4B007,纪氏花园住宅,静安区文化局,北京西路1510号,,,,,
4B008,觉园（南国大佛寺），金刚道场,居士林，金刚道场,常德路418号,,,,,
4B009,沁园村,沁园村,新闸路1106-1120（双）号、新闸路1124弄1-27、29、31-42、44-56（双）号,,,,,
4B010,刘氏花园住宅，小校经阁(八角楼),住宅,新闸路1321号,,,,,
4B011,宜德堂,杨氏花园住宅,昌化路136号,,,,,
4B012,花园住宅,康定花园,康定路2号,,,,,
4B013,戈登路巡捕房,上海商业会计学校静安分校,江宁路511号,,,,,
4B014,花园住宅,市眼科医院,陕西北路805号,,,,,
4B015,住宅,静安区政协,康定路759弄,,,,,
4B016,司米托莫银行,上海对外经济研究中心/全球经济发展中心,胶州路510号,,,,,
4B017,龚氏花园住宅,宝钢老干部活动中心,胶州路522号,,,,,
4B018,上海市政委员会电力部住宅,上海古典建筑装饰工程一公司,胶州路561号,,,,,
4B019,上海市科学馆,静安区业余大学,胶州路601号,,,,,
4B020,刘氏花园住宅,市房地产经济协会,长乐路786号、784号,,,,,
4B021,中央储备银行,上海歌舞剧院,常熟路100弄10号,,,,,
4B022,新恩堂/上海公共礼拜堂/基督教新教堂,上海基督教三自爱国运动委员会,乌鲁木齐北路25号,,,,,
4B023,熊佛西楼,上海戏剧学院熊佛西楼,华山路630号,,,,,
4B024,潘氏花园住宅,上广交响乐团,武定西路1498弄,,,,,
4B025,花园住宅,辞书出版社,陕西北路457号,,,,,
4H001,华联新泰仓库,百联集团华联商厦新泰路仓库,新泰路57号,,,,,
4H002,中国实业银行,跳蚤市场,北苏州路1028号,,,,,
4H003,中国银行仓库,茂联丝绸商厦,北苏州路1040号,,,,,
4H004,会审公堂，上海第一特区地方法院/江苏高等法院第二分院,上海医疗器械九厂,浙江北路191号,,,,,
4H005,梁氏民宅,梁氏民宅,山西北路457弄61号,,,,,
4H006,住宅,住宅,武进路580弄,,,,,
4H007,福新面粉一厂厂房及仓库,华联集团电工照明器材有限公司仓库,光复路423-433号，长安路101号,,,,,
4D001,杜氏公馆,东湖宾馆,东湖路70号,,,,,
4D002,花园住宅,青年报社,东湖路17号,,,,,
4D003,沪江别墅,沪江别墅,长乐路613弄,,,,,
4D004,a花园住宅，b花园住宅，c花园住宅,上海市武警总队,淮海中路1209号,,,,,
4D005,愉园,愉园,淮海中路1350弄,,,,,
4D006,花园住宅,上海市武警总队家属楼,淮海中路1414号1号楼,,,,,
4D007,花园住宅,花园住宅,淮海中路1897号,,,,,
4D008,a犹太俱乐部，b花园住宅/比利时领馆,上海音乐学院院部办公楼，上海音乐学院专家楼,汾阳路20号,,,,,
4D009,犹太医院，水塔,上海眼耳鼻喉科医院10号楼，水塔,汾阳路83号,,,,,
4D010,并立花园住宅,并立花园住宅,汾阳路152-154号、156-158号,,,,,
4D011,伊丽莎白公寓,复中公寓,复兴中路1327号,,,,,
4D012,黑石公寓,复兴公寓,复兴中路1331号,,,,,
4D013,花园住宅，花园住宅,上海市轻工业研究所3号楼，4号楼,宝庆路20号,,,,,
4D014,花园住宅,并立式住宅,太原路50弄1-2号，56弄1-4号，64弄1-4号,,,,,
4D015,花园住宅,上海音乐学院附小图书馆,东平路5号,,,,,
4D016,宋氏住宅,西式餐厅,东平路11号,,,,,
4D017,吴氏花园住宅,上海话剧艺术中心,安福路201号,,,,,
4D018,巨泼来斯公寓,安福路233号公寓,安福路233号,,,,,
4D019,花园住宅,上海话剧艺术中心,安福路284号,,,,,
4D020,花园住宅,商务部驻沪办事处,五原路251号，永福路1号,,,,,
4D021,花园住宅,中国福利会/宋庆龄基金会,五原路314号,,,,,
4D022,花园住宅,花园住宅,华山路831号,,,,,
4D023,花园住宅,丁香花园3号楼,华山路849号,,,,,
4D024,交通大学恭绰馆（工程馆），新上院,交通大学工程馆，新上院,华山路1954号,,,,,
4D025,花园住宅,上海科技文献出版社,武康路2号,,,,,
4D026,美童公学宿舍楼及水塔,704所家属楼及水塔,衡山路10号,,,,,
4D027,丽波花园,丽波花园,衡山路300弄1-8号,,,,,
4D028,会斯乐公寓/乔治公寓,集雅公寓,衡山路311-331号,,,,,
4D029,凯文公寓,凯文公寓/衡阳公寓,衡山路525号，建国西路750号,,,,,
4D030,贝当公寓,衡山公寓,衡山路700号,,,,,
4D031,中国唱片厂办公楼,小红楼/小红楼西餐厅,衡山路811号,,,,,
4D032,花园住宅,中科院原子核研究所,永嘉路630号,,,,,
4D033,巨福公寓/安康公寓,安康公寓/乌鲁木齐公寓,乌鲁木齐南路176号,,,,,
4D034,花园住宅,花园住宅,建国西路598号,,,,,
4D035,花园住宅,上海医学科学技术情报研究所,建国西路602号,,,,,
4D036,金司林公寓,安亭公寓,安亭路43号,,,,,
4D037,花园住宅,安亭别墅1号楼,安亭路46号1号楼,,,,,
4D038,荣氏花园住宅,徐汇区少年宫,高安路18弄20号,,,,,
4D039,励氏花园住宅,市建委老干部活动中心,高安路63号,,,,,
4D040,方建公寓/建成公寓,建安公寓,高安路78弄1-3号，建国西路641-645号,,,,,
4D041,花园住宅,花园住宅,康平路1号,,,,,
4D042,花园住宅,徐汇区老干部局,康平路205号,,,,,
4D043,花园住宅/挪威领事馆,国家安全局,吴兴路96号,,,,,
4D044,花园住宅,文艺医院,天平路40号,,,,,
4D045,花园住宅/法国领事馆,中国科学院上海分院11号楼,岳阳路319号11号楼,,,,,
4D046,上海特别市市政府旧址,信息产业部电信科学技术第一研究所,平江路48号3号、7号楼,,,,,
4D047,徐家汇观象（天文）台,上海气象局气象台,蒲西路166号,,,,,
4D048,龙华机场候机楼,中国民用航空华东管理局龙华航空站,龙华西路1号,,,,,
4F001,瑞康公寓,瑞康公寓,四川北路18号,,,,,
4F002,大桥公寓,大桥公寓,四川北路85号,,,,,
4F003,德邻公寓,信谊大药厂,四川北路71号1-6幢，崇明路82号,,,,,
4F004,批亚斯公寓,浦西公寓,蟠龙街26号，乍浦路199-215号，塘沽路411-429号,,,,,
4F005,小浦西公寓,小浦西公寓,塘沽路387-401号,,,,,
4F006,工部局西童女子学校,上海市安装工程有限公司,塘沽路390号,,,,,
4F007,景林庐,住宅,乍浦路260号，昆山路141-177号，254弄22-27号,,,,,
4F008,角田公寓,闵行大楼,闵行路171-181号，201-211号，峨眉路70-80号,,,,,
4F009,英华书馆,海军托儿所,武进路412号,,,,,
4F010,华童公学/汉壁礼男校/光华大夏大学附属中学,华东师范大学附属第一中学,中州路102号,,,,,
4F011,工部局宰牲场（宰牛场）/新亚集团产业,1933老场坊,沙泾路10号、29号,,,,,
4F012,永丰坊、大德里、恒安坊,永丰坊、大德里、恒安坊,四川北路1515弄20-24号、34-105号，1519-1543号，1545弄1-33号、1-19号，1549-1551号,,,,,
4F013,广东大戏院/虹光大戏院,群众影剧院,四川北路1552号,,,,,
4F014,狄思威公寓,溧阳大楼,四川北路1914-1932号,,,,,
4F015,永安里,永安里,四川北路1953弄、多伦路152-192号,,,,,
4F016,花园住宅,钱币博物馆/卫生局,四川北路2023弄35号,,,,,
4F017,拉摩斯公寓,北川公寓,四川北路2079-2099号,,,,,
4F018,西童公学,复兴初级中学,四川北路2066号,,,,,
4F019,樱苑别墅,上海青岛啤酒华东（控股）有限公司,四川北路2365号,,,,,
4F020,白氏旧居,海军411医院,多伦路210号,,,,,
4F021,恒丰里，新恒丰里,恒丰里，新恒丰里,山阴路69弄、85弄,,,,,
4F022,日照里,东照里,山阴路133弄,,,,,
4F023,花园里,花园里,山阴路145弄,,,,,
4F024,亚细亚里,亚细亚里,黄渡路107弄、109 号,,,,,
4F025,摩西会堂,摩西会堂,长阳路62号,,,,,
4F026,住宅,住宅,霍山路71-95号，舟山路21-81号,,,,,
4F027,住宅,住宅,霍山路119-121号，127-137号，125弄3-5号,,,,,
4F028,住宅,住宅,长阳路50弄15-31号,,,,,
4F029,住宅,住宅,杨树浦路197-213号,,,,,
4F030,住宅,住宅,临潼路25-89号、99弄,,,,,
4F031,花园住宅,新华印刷厂及部队住宅,榆林路43号、47号、59号、63号大宅,,,,,
4G001,住宅,纺三小区,许昌路227弄,,,,,
4G002,圣心教堂,杨浦老年人医院9号楼,杭州路349号,,,,,
4G003,日本同兴纱厂工房及老板住宅,上海怡达实业公司及住宅,平凉路1777弄51号、101-141（单）号、100-154（双）号,,,,,
4G004,新式里弄,住宅,杨树浦路3061弄,,,,,
4G005,沪江大学历史建筑建筑群：馥赉堂，中学礼堂，思孟堂，思雷堂，科学馆，思晏堂，健身房，思裴堂，怀德堂，思伊堂，体育馆，思福堂，教职工公寓，职工住宅群,上海理工大学建筑群:第二教师公寓，学校办公楼，第二办公楼，第一办公楼，理学院楼，现代化教学中心，南体育馆，第三宿舍，第五宿舍，第四宿舍，学生活动中心，国际交流中心（卫生科），210号家属住宅，103、104、108-114、201-209、211号家属住宅,军工路516号,,,,,
4G006,同济大学历史建筑建筑群:文远楼，大礼堂，南北楼，图书馆，校门，西南一楼，电工馆，工程试验馆，日本某中学礼堂，日本某中学教学楼，日本某中学教学楼,同济大学:文远楼(土木工程学院)，大礼堂，南北楼，图书馆裙房，校门(老)，西南一楼，机电厂，工程试验馆，羽毛球馆，“一·二九”大楼，测量馆,四平路1239号,,,,,
4G007,同济新村:教工俱乐部，村一楼、村二楼、村三楼、村四楼,同济新村:教工俱乐部，村一楼、村二楼、村三楼、村四楼,彰武路45弄,,,,,
4G008,复旦大学历史建筑建筑群:登辉堂，子彬楼，图书馆，校门,复旦大学:相辉堂，数学楼，经济学院，校门,邯郸路220号,,,,,
4G009,毓秀楼,毓秀楼/上海财经大学,武东路100号,,,,,
4G010,叶家花园（小白楼）/澄衷医院,肺科医院(白楼),政民路507号,,,,,
4G011,中国航空协会飞机楼,长海医院飞机楼,长海路174号,,,,,
4G012,国立音乐专科学校主楼及辅楼,公安部八二二厂,民京路918号,,,,,
4M001,盛世花园,华园,万航渡路540号,,,,,
4M002,厂房及仓库,上海五金交电仓库,万航渡路1384弄12号,,,,,
4M003,开纳公寓,武定公寓,武定西路1375号,,,,,
4M004,中一村/中央一村,中一村,江苏路46弄、54弄、62弄、70弄、78弄,,,,,
4M005,上海海关税务司花园住宅,住宅,江苏路162弄3号,,,,,
4M006,安定坊,安定坊,江苏路284弄3号、5号、7号、9号、10号、11号、12号、14号、15号、16号、17号、18号、19号、27号,,,,,
4M007,月村,月村,江苏路480弄54、56、58、60、62、66、68、72号，除去90号新公房,,,,,
4M008,忆定村,忆定村,江苏路495弄,,,,,
4M009,麦加利银行高级职员住宅/上海房地局职工医院（1976年起）,华山医院(分部)1号楼,江苏路796号,,,,,
4M010,渔光村,渔光村,镇宁路255弄、265弄、275弄、285弄,,,,,
4M011,严家花园,严家花园,愚园路699号,,,,,
4M012,花园住宅,花园住宅,愚园路749弄65号,,,,,
4M013,愚园新村,愚园新村,愚园路750弄,,,,,
4M014,杨氏花园,上海西夏葡萄酒业有限公司,愚园路838弄7号,,,,,
4M015,百老汇总会/花园住宅,长宁区教育学院1号楼,愚园路864号,,,,,
4M016,英式花园住宅群,花园住宅群,愚园路865弄30、31、32、33、35号,,,,,
4M017,周氏花园住宅,长宁区工商联,愚园路1015号,,,,,
4M018,岐山村/东苑别业,岐山村,愚园路1032弄（1018-1028号，1034-1046号）,,,,,
4M019,宏业花园,宏业花园,愚园路1076号，1086号，1088弄5-9号、101-147号,,,,,
4M020,桃源坊,桃源坊,愚园路1292弄,,,,,
4M021,联安坊,长宁区政府5、6、7、8号楼,愚园路1352弄,,,,,
4M022,中央研究院理工实验馆:实验大楼，元培楼,中科院上海冶金研究所:杏佛楼，元培楼,长宁路865号（中山公园对面）,,,,,
4M023,圣玛利亚女中,东华大学长宁路分校,长宁路1187号,,,,,
4M024,花园住宅,花园住宅,利西路24弄5号,,,,,
4M025,花园住宅,花园住宅,利西路30、32号,,,,,
4M026,福世花园,福世花园,安化路200弄7、8、9、10、11-12、14-15、16、17、18、19号,,,,,
4M027,郭氏花园住宅,住宅,延安西路949弄25-47号（除37号）,,,,,
4M028,大西别墅,住宅,延安西路1453弄,,,,,
4M029,汤山村,汤山村,武夷路466弄2-9号，武夷路458-460、470-472号,,,,,
4M030,范园,范园,华山路1220弄,,,,,
4M031,外国弄堂,外国弄堂,番禺路55弄、75弄、95弄，平武路2号、8号、10号、14号、18号,,,,,
4M032,邬达克住宅,上海市旅游培训中心,番禺路135号,,,,,
4M033,又斯登公寓,登云公寓,淮海中路2068号,,,,,
4M034,李鸿章祠堂及门楼/复旦公学力学庐,复旦中学:登辉堂及门楼/力学堂,华山路1626号,,,,,
4M035,外国弄堂,外国弄堂,新华路329弄28号、30号，新华路321号，新华路211弄1号、10号、12号、14号、16号,,,,,
4M036,虹桥疗养院,上海血液中心,伊犁路2号,,,,,
4M037,花园住宅,白宫俱乐部,虹桥路1390号,,,,,
4M038,宋氏花园住宅,花园住宅（家具厂）,虹桥路1430号,,,,,
4M039,陈氏花园住宅/上海血吸虫病院（1956年）/上海寄生虫病院（1972年）/上海第二结核病防治院,申康宾馆,虹桥路1440号,,,,,
4M040,花园住宅,花园住宅,虹桥路1518号,,,,,
4M041,上海盲童学校,上海盲童学校,虹桥路1850号,,,,,
4M042,孔氏别墅,worldlink诊所/辉煌KTV,虹桥路2258号、2260号,,,,,
4M043,花园住宅,住宅,虹桥路2374号,,,,,
4M044,泰晤士报社别墅，美丰银行别墅,龙柏饭店:2号楼/长江商学院，3号楼,虹桥路2419号,,,,,
4M045,花园住宅，教堂,空军医院:A楼/体检楼，B楼,哈密路1713号,,,,,
4M046,花园住宅,空管局退休干部活动中心,空港六路1号,,,,,
4M047,花园住宅群,市舞蹈学校芭蕾舞团行政楼，上海歌舞团行政楼，上海歌舞团3号楼；市舞蹈学校5号楼，4号楼，3号楼,虹桥路1650号，1590号，1648号；1652号，虹桥路1674号4号楼、3号楼,,,,,
4N001,曹杨一村,曹杨一村,曹杨一村（枫桥路、梅岭北路、棠浦路、花溪路、兰溪路）,,,,,
4N002,住宅,澳门小区,澳门路660弄1-15号，17-25号，27-37号，41-51号，229-239号，251-261号，267-277号，291-301号，307-317号，381-391号，397-407号,,,,,